Word,Predictions,Generated Words,Final Score,Count Words,Missed Predictions,Predicted True Count,Success Out of True,Success Out of False
Alpaca,"{'south america': True, 'camel': False, 'llama': True, 'wool': True}","['fiber', 'south', 'andes', 'soft', 'fuzzy']",25.00 %,4,100.00 %,3,0.00 %,100.00 %
Anemonefish,"{'shark': False, 'sea': True, 'coral': True}","['anemone', 'fish', 'colorful', 'parasitic', 'diet']",33.33 %,3,100.00 %,2,0.00 %,100.00 %
Anteater,"{'forest': True, 'tongue': True, 'long': False}","['nose', 'd digger', 'claws', 'nocturnal', '둥le']",33.33 %,3,100.00 %,2,0.00 %,100.00 %
Antelope,"{'hop': False, 'safari': True, 'lion': False}","['savannah', 'horn', 'grazing', 'african', 'migration']",66.67 %,3,100.00 %,1,0.00 %,100.00 %
Badger,"{'forest': True, 'marten': True, 'carnivore': True, 'predator': True}","['rodent', 'sharp', 'feral', ' dedicated', ' underground']",0.00 %,4,100.00 %,4,0.00 %,
Bat,"{'ultrasonic': False, 'vampire': True, 'night': True, 'fly': True}","['flying', 'cave', 'vampire', 'winged', 'nocturnal']",50.00 %,4,75.00 %,3,33.33 %,100.00 %
Bear,"{'grizzly': True, 'teddy': True, 'ted': False, 'honey': False, 'pooh': True}","['fur', 'claws', 'forest', 'hibernation', 'strength']",40.00 %,5,100.00 %,3,0.00 %,100.00 %
Bison,"{'cattle': False, 'bison': True, 'steppe': True, 'america': False}","['wildlife', 'herds', 'native', 'herd', 'aboriginal']",50.00 %,4,100.00 %,2,0.00 %,100.00 %
Bonobo,"{'monkey': True, 'chimpanzee': True, 'baboon': False, 'primate': True}","['primate', 'gorilla', 'african', 'intelligent', 'conservation']",50.00 %,4,75.00 %,3,33.33 %,100.00 %
Butterfly,"{'wings': True, 'flowers': True, 'colorful': True, 'meadow': False}","['colorful', 'delicate', 'transformation', 'wings', 'beauty']",75.00 %,4,50.00 %,3,66.67 %,100.00 %
Cat,"{'pet': True, 'dog': False, 'meow': True, 'scratch': True, 'claws': True}","['whiskers', 'purr', 'claws', 'fur', 'meow']",60.00 %,5,60.00 %,4,50.00 %,100.00 %
Cheetah,"{'fast': True, 'mp/h': False, 'lion': False, 'africa': True, 'savannah': True}","['speed', 'africa', 'stripes', 'predator', 'agility']",60.00 %,5,80.00 %,3,33.33 %,100.00 %
Chicken,"{'fox': False, 'bird': True, 'swan': False, 'eggs': True}","['cooking', 'nuggets', 'fried', 'grill', 'dinner']",50.00 %,4,100.00 %,2,0.00 %,100.00 %
Chihuahua,"{'paris hilton': False, 'dog': True, 'small': True, 'foot horn': False}","['small', 'loyal', 'fierce', 'bigears', 'companion']",75.00 %,4,75.00 %,2,50.00 %,100.00 %
Chimpanzee,"{'monkey': True, 'human': False, 'intelligent': True, 'primate': True, 'orangutan': False}","['intelligent', 'agile', 'social', 'mischievous', 'clever']",60.00 %,5,80.00 %,3,33.33 %,100.00 %
Chinchilla,"{'small': True, 'mouse': False, 'rat': False, 'america': False}","['fur', 'southamerica', 'small', 'soft', 'cute']",100.00 %,4,75.00 %,1,100.00 %,100.00 %
Coati,"{'tree': False, 'climbing': False, 'america': False}","['mammal', 'south america', 'raccoon', 'tail', 'cactus']",100.00 %,3,100.00 %,0,,100.00 %
Cow,"{'stable': True, 'milk': True, 'udder': True, 'milking': True, 'straw': False}","['milk', 'farm', 'udder', 'moo', 'herd']",60.00 %,5,60.00 %,4,50.00 %,100.00 %
Dog,"{'shepherd': False, 'friend': True, 'pet': True, 'bark': True, 'cat': False}","['faithful', 'tail', 'bark', 'loyal', 'playful']",60.00 %,5,80.00 %,3,33.33 %,100.00 %
Dolphin,"{'whale': False, 'sea': True, 'intelligent': True, 'porpoise': False}","['ocean', 'playful', 'intelligent', 'social', 'aquatic']",75.00 %,4,75.00 %,2,50.00 %,100.00 %
Elephant,"{' africa': False, ' india': False, ' trunk ': True, ' grey': True, ' huge': True}","['large', 'trunk', 'tusks', 'memory', 'wisdom']",80.00 %,5,80.00 %,3,0.00 %,100.00 %
Emu,"{'bird': True, 'ostrich': False, 'australia': True, 'egg': True, 'flightless': True}","['australia', 'native', 'large', 'flightless', 'omnivorous']",66.67 %,3,66.67 %,4,25.00 %,100.00 %
Ferret,"{'marten': False, 'car': False, 'cable': False, 'llitis': False, 'whiskers': True}","['cute', 'playful', 'mischievous', 'sleek', 'curious']",100.00 %,4,100.00 %,1,0.00 %,100.00 %
Fish,"{'water': True, 'swim': True, 'gills': True, 'whale': False, 'salmon': True}","['ocean', 'swim', 'school', 'fins', 'scales']",40.00 %,5,80.00 %,4,25.00 %,100.00 %
Fox,"{'red': False, 'fur': True, 'city': False, 'goose': False}","['cunning', 'sly', 'red', 'hunting', 'swift']",50.00 %,4,75.00 %,1,0.00 %,66.67 %
Frog,"{'croak': True, 'water': True, 'toad': False}","['pond', 'green', 'jump', 'ribbit', 'amphibian']",33.33 %,3,100.00 %,2,0.00 %,100.00 %
Giraffe,"{'neck': True, 'long': True, 'elephant': False, 'savannah': True, 'africa': True}","['neck', 'spots', 'tall', 'leafy', 'safari']",40.00 %,5,80.00 %,4,25.00 %,100.00 %
Goat,"{'milk': True, 'stable': False, 'mountain': True, 'horns': True}","['mountain', 'horns', 'beard', 'climber', 'herd']",75.00 %,4,50.00 %,3,66.67 %,100.00 %
Gorilla,"{'monkey': True, 'chimpanzee': True, 'gray': True, 'roar': True, 'chest': False}","['primate', 'strength', 'forest', 'agile', 'intelligent']",20.00 %,5,100.00 %,4,0.00 %,100.00 %
Grizzly,"{'brown': True, 'kodiak': False, 'predator': True, 'north america': True}","['bear', 'wild', 'mountain', 'powerful', 'fierce']",25.00 %,4,100.00 %,3,0.00 %,100.00 %
Hedgehog,"{'spines': True, 'small': True, 'city': False}","['prickly', 'spiky', 'rolls', 'small', 'cute']",66.67 %,3,66.67 %,2,50.00 %,100.00 %
Hippopotamus,"{'hippopotamus': True, 'water': True, 'giant': False, 'rhino': False}","['africa', 'river', 'muddy', 'large', 'furry']",50.00 %,4,100.00 %,2,0.00 %,100.00 %
Horse,"{'riding': True, 'saddle': True, 'cow': False, 'trotting race': False}","['rider', 'stable', 'mane', 'hoof', 'galloping']",50.00 %,4,100.00 %,2,0.00 %,100.00 %
Hyena,"{'africa': True, 'savannah': True, 'sneaky': True}","['laughing', 'cannibalistic', 'wild', 'africa', 'claws']",33.33 %,3,66.67 %,3,33.33 %,
Jaguar,"{'england': False, 'land rover': False, 'luxury': False, 'sports car': True}","['speed', 'luxury', 'exotic', 'sleek', 'power']",50.00 %,4,75.00 %,1,0.00 %,66.67 %
Jellyfish,"{'transparent': False, 'water': True, 'sea': True, 'nettles': False}","['ocean', 'stinging', 'bioluminescent', 'marine', 'translucent']",50.00 %,4,100.00 %,2,0.00 %,100.00 %
Kangaroo,"{'hopping': True, 'boxing': False, 'australia': True, 'pouch': True}","['australia', 'hopping', 'pouch', 'joey', ' marsupial']",100.00 %,4,25.00 %,3,100.00 %,100.00 %
Koala,"{'australia': True, 'eucalyptus': True, 'tree': False}","['australia', 'marsupial', 'eucalyptus', 'umbrella', 'sleeping']",100.00 %,3,33.33 %,2,100.00 %,100.00 %
Leopard,"{'cheetah': False, 'cat': True, 'predator': True}","['spotted', 'wild', 'african', 'agile', 'majestic']",33.33 %,3,100.00 %,2,0.00 %,100.00 %
Lion,"{'king': True, 'tiger': False, 'cheetah': False, 'africa': True, 'savannah': True}","['mane', 'savannah', 'roar', 'king', 'jungle']",80.00 %,5,60.00 %,3,66.67 %,100.00 %
Llama,"{'spitting': False, 'south america': True, 'guanaco': True}","['south america', 'fuzzy', 'herder', 'andes', 'soft']",66.67 %,3,66.67 %,2,50.00 %,100.00 %
Mandrill,"{'primate': True, 'monkey': False, 'butt': True, 'gorilla': False}","['monkey', 'primate', 'rainforest', 'colorful', 'aggressive']",50.00 %,4,50.00 %,2,50.00 %,50.00 %
Meerkat,"{'burrows': True, 'ground': False, 'dig': True, 'stand': False}","['desert', 'africa', 'savannah', 'social', 'inquisitive']",50.00 %,4,100.00 %,2,0.00 %,100.00 %
Mouse,"{'rodent': True, 'rat': False, 'small': True}","['computer', 'pointer', 'click', 'keyboard', 'cursor']",33.33 %,3,100.00 %,2,0.00 %,100.00 %
Orangutan,"{'orange': True, 'monkey': True, 'primate': True, 'chimpanzee': False}","['giant', 'tree', 'agile', 'intelligent', 'furry']",25.00 %,4,100.00 %,3,0.00 %,100.00 %
Otter,"{'water': True, 'dam': False, 'wood': False}","['river', 'furry', 'playful', 'swimming', 'stream']",66.67 %,3,100.00 %,1,0.00 %,100.00 %
Ox,"{'cow': False, 'bull': True, 'ring': False, 'nose': False}","['angus', 'strength', 'farm', 'beef', 'cowboy']",75.00 %,4,100.00 %,1,0.00 %,100.00 %
Panda,"{'black': False, 'white': True, 'clumsy': False, 'china': True, 'bear': True}","['china', 'black', 'white', 'furry', 'cute']",60.00 %,5,40.00 %,3,66.67 %,50.00 %
Parrot,"{'colorful': True, 'red': False, 'bird': True, 'beak': True}","['colorful', 'beak', 'feathered', 'squawk', 'tropical']",75.00 %,4,50.00 %,3,66.67 %,100.00 %
Penguin,"{'south pole': True, 'arctic': False, 'yellow': False, 'black': False, 'white': True}","['cold', 'feathers', 'antarctica', 'waddling', 'fish']",60.00 %,5,100.00 %,2,0.00 %,100.00 %
Rabbit,"{'pet': False, 'bunny': True, 'lout': False}","['fluffy', 'hare', 'carrot', 'burrow', 'cute']",75.00 %,4,100.00 %,1,0.00 %,100.00 %
Raccoon,"{'teddy': True, 'grizzly': False, 'garbage can': True}","['masked', 'bandit', 'cute', 'mischief', 'trash']",33.33 %,3,100.00 %,2,0.00 %,100.00 %
Reindeer,"{'santa claus': False, 'rudolf': True, 'nose': True, 'red': True, 'deer': True}","['antlers', 'sleigh', 'winter', 'fur', 'santa']",20.00 %,5,100.00 %,4,0.00 %,100.00 %
Seahorse,"{'water': True, 'sea': True, 'small': True, 'saddle': False}","['marine', 'aquatic', 'tail', 'swimming', 'mysterious']",25.00 %,4,100.00 %,3,0.00 %,100.00 %
Seal,"{'tricks': False, 'balancing': False, 'water': True, 'sea': True, 'cat': False}","['marine', 'flipper', 'fin', 'wet', 'penguin']",60.00 %,5,100.00 %,2,0.00 %,100.00 %
Shark,"{'water': True, 'teeth': True, 'surfer': False, 'tornado': False}","['fierce', 'tooth', 'ocean', 'predator', 'danger']",50.00 %,4,100.00 %,2,0.00 %,100.00 %
Sheepdog,"{'police': False, 'friend': False, 'pet': True, 'bark': True, 'cat': False}","['wool', 'herding', 'herbivore', 'farmer', 'ariel']",60.00 %,5,100.00 %,2,0.00 %,100.00 %
Snail,"{'slime': True, 'house': False, 'small': True, 'slow': True}","['slow', 'shell', 'garden', 'slime', 'leisurely']",75.00 %,4,50.00 %,3,66.67 %,100.00 %
Spider,"{'web': True, 'fly': False, 'legs': True, 'cellar': False}","['web', 'eight', 'legs', 'climb', 'venom']",100.00 %,4,50.00 %,2,100.00 %,100.00 %
Squirrel,"{'forest': True, 'tree': True, 'nuts': True, 'hibernate': False, 'brown': True}","['nut', 'tree', 'tail', 'furry', 'playful']",40.00 %,5,80.00 %,4,25.00 %,100.00 %
Walrus,"{'water': True, 'horse': False, 'sea': True, 'tusks': True}","['tusks', 'arctic', 'blubbery', 'whiskers', 'flipper']",50.00 %,4,75.00 %,3,33.33 %,100.00 %
Wasp,"{'bee': False, 'honey': False, 'sting': True, 'black': False, 'yellow': True}","['stinger', 'nest', 'pain', 'yellow', 'danger']",80.00 %,5,80.00 %,2,50.00 %,100.00 %
Wolf,"{'wild': True, 'dog': False, 'howl': True, 'moon': False, 'pack': True}","['fierce', 'lupine', 'wild', 'pack', 'howling']",80.00 %,5,60.00 %,3,66.67 %,100.00 %
Yak,"{'cow': False, 'horns': True, 'asia': True}","['himalayas', 'herder', 'milk', 'fur', 'mountain']",50.00 %,4,100.00 %,2,0.00 %,100.00 %
Zebra,"{'strip': True, 'elephant': False, 'giraffe': False, 'black': False, 'white': True}","['stripes', 'savannah', 'africa', 'black', 'wildlife']",40.00 %,5,80.00 %,2,0.00 %,66.67 %
Audi,"{'germany': False, 'ingolstadt': False, 'rings': True, 'volkswagen': False}","['luxury', 'performance', 'design', 'germany', 'quattro']",50.00 %,4,75.00 %,1,0.00 %,66.67 %
Bentley,"{'luxury': True, 'england': False, 'rolls-royce': True}","['luxury', 'cars', 'performance', 'britain', 'luxury cars']",66.67 %,3,66.67 %,2,50.00 %,100.00 %
Bugatti,"{'luxury': True, 'sports car': True, 'volkswagen': False, 'france': True}","['luxury', 'speed', 'exclusivity', 'design', 'performance']",50.00 %,4,75.00 %,3,33.33 %,100.00 %
Buick,"{'america': True, 'united states': True, 'general motors': True}","['performance', 'luxury', 'comfort', 'classic', 'american']",0.00 %,3,100.00 %,3,0.00 %,
Cadillac,"{'america': True, 'united states': True, 'general motors': True}","['luxury', 'american', 'performance', 'classic', 'exclusivity']",0.00 %,3,100.00 %,3,0.00 %,
Chevrolet,"{'america': False, 'united states': False, 'general motors': True, 'camaro': True, 'transformers': False}","['performance', 'durability', 'american', 'luxury', 'suv']",60.00 %,5,100.00 %,2,0.00 %,100.00 %
Chrysler,"{'america': True, 'united states': True, 'dodge': True}","['cars', 'automotive', 'american', 'luxury', 'muscle']",0.00 %,3,100.00 %,3,0.00 %,
Citroën,"{'france': False, 'peugeot': True, 'small cars': True}","['french', 'riviera', 'ds', '2cv', 'hybrid']",33.33 %,3,100.00 %,2,0.00 %,100.00 %
Corvette,"{'america': False, 'united states': False, 'sports car': True}","['sports', 'speed', 'luxury', 'performance', 'muscle']",66.67 %,3,100.00 %,1,0.00 %,100.00 %
Dacia,"{'romania': False, 'small cars': True, 'cheap': False, 'duster': False}","['romania', 'cars', 'suvs', 'off-road', 'affordable']",50.00 %,4,75.00 %,1,0.00 %,66.67 %
Daewoo,"{'south korea': True, 'small cars': True, 'general motors': False}","['korea', 'motors', 'luxury', 'electronics', 'automotive']",33.33 %,3,100.00 %,2,0.00 %,100.00 %
DAF,"{'trucks': True, 'big rig': False, 'netherlands': False, 'cargo': True}","['dutch', 'aerial', 'ferry', 'truck', 'tractor']",50.00 %,4,100.00 %,2,0.00 %,100.00 %
Daihatsu,"{'japan': False, 'toyota': False, 'small cars': True}","['kei', 'car', 'compact', 'japanese', 'affordable']",66.67 %,3,100.00 %,1,0.00 %,100.00 %
Dodge,"{'viper': True, 'america': True, 'united states': False, 'general motors': False}","['car', 'charger', 'ram', 'truck', 'performance']",50.00 %,4,100.00 %,2,0.00 %,100.00 %
Ferrari,"{'italy': True, 'red': True, 'sports car': True, 'luxury': True, 'michael schumacher': False}","['speed', 'luxury', 'racing', 'italy', 'exotic']",60.00 %,5,60.00 %,4,50.00 %,100.00 %
Ford,"{'america': False, 'united states': False, 'henry': True, 'f-150': True, 'assembly line': False}","['mustang', 'f-150', 'explorer', 'ranger', 'bronco']",80.00 %,5,80.00 %,2,50.00 %,100.00 %
GMC,"{'general motors': True, 'united states': True, 'multicorporate enterprise': True}","['truck', 'suv', 'duramax', 'sierra', 'chevrolet']",0.00 %,3,100.00 %,3,0.00 %,
Honda,"{'japan': False, 'mitsubishi': False, 'civic': True}","['civic', 'accord', 'motorcycle', 'vtec', 'suv']",100.00 %,3,66.67 %,1,100.00 %,100.00 %
Hummer,"{'army': False, 'united states': True, 'america': True}","['suv', 'off-road', 'military', 'luxury', 'hummerh2']",33.33 %,3,100.00 %,2,0.00 %,100.00 %
Infiniti,"{'nissan': True, 'japan': True, 'luxury': True}","['luxury', 'performance', 'japanese', 'automotive', 'exotic']",33.33 %,3,66.67 %,3,33.33 %,
Isuzu,"{'japan': False, 'trucks': True, 'big rig': True, 'cargo': True}","['trucks', 'off-road', 'rugged', 'reliable', 'japanese']",50.00 %,4,75.00 %,3,33.33 %,100.00 %
Iveco,"{'italy': False, 'trucks': True, 'big rig': False, 'cargo': True}","['trucks', 'construction', 'military', 'tractors', 'heavyduty']",75.00 %,4,75.00 %,2,50.00 %,100.00 %
Jeep,"{'chrysler': False, 'army': True, 'america': True, 'united states': True}","['off-road', 'suv', '4x4', 'adventure', 'rugged']",25.00 %,4,100.00 %,3,0.00 %,100.00 %
Königsegg,"{'sweden': False, 'luxury': True, 'sports car': True}","['super cars', 'sweden', 'hypercar', 'electric', 'innovation']",0.00 %,3,66.67 %,2,0.00 %,0.00 %
Lamborghini,"{'italy': False, 'sports car': True, 'luxury': True, 'volkswagen': False}","['luxury', 'supercar', 'italian', 'exotic', 'power']",75.00 %,4,75.00 %,2,50.00 %,100.00 %
Lancia,"{'italy': True, 'small cars': False, 'fiat': True}","['italy', 'sports', 'racing', 'luxury', 'vintage']",66.67 %,3,66.67 %,2,50.00 %,100.00 %
Lincoln,"{'america': True, 'united states': True, 'ford': True, 'luxury': True}","['president', 'honesty', 'abraham', 'unified', 'reconstruction']",0.00 %,4,100.00 %,4,0.00 %,
Maybach,"{'germany': True, 'mercedes': False, 'luxury': True}","['luxury', 'exclusivity', 'glossy', 'performance', 'high-end']",66.67 %,3,66.67 %,2,50.00 %,100.00 %
McLaren,"{'england': False, 'luxury': False, 'sports car': True}","['speed', 'racing', 'luxury', 'performance', 'exclusivity']",25.00 %,4,50.00 %,1,0.00 %,50.00 %
Mercedes-AMG,"{'germany': True, 'luxury': True, 'tuning': True}","['performance', 'luxury', 'speed', 'agility', 'exclusivity']",33.33 %,3,66.67 %,3,33.33 %,
Mercedes-Benz,"{'germany': False, 'daimler': True, 'chrysler': False}","['luxury', 'performance', 'german engineering', 'sleek design', 'premium']",66.67 %,3,100.00 %,1,0.00 %,100.00 %
Mini,"{'germany': False, 'england': False, 'bmw': True, 'small': True, 'mr bean': False}","['car', 'toy', 'coat', 'size', 'compact']",60.00 %,5,100.00 %,2,0.00 %,100.00 %
Mitsubishi,"{'japan': True, 'lancer': True, 'rally': True}","['cars', 'motors', 'japan', 'outdoors', 'electric']",33.33 %,3,66.67 %,3,33.33 %,
Moskwitsch,"{'russia': True, 'sowjet': True, 'ddr': False}","['russian', 'soviet', 'comrade', 'bolshevik', 'lenin']",33.33 %,3,100.00 %,2,0.00 %,100.00 %
Nissan,"{'japan': True, 'skyline': True, 'datsun': False}","['rogue', 'altima', 'gt-r', 'leaf', 'sentra']",33.33 %,3,100.00 %,2,0.00 %,100.00 %
Oldsmobile,"{'america': True, 'united states': True, 'general motors': True}","['muscle', 'station wagon', 'cutlass', 'toronado', 'aerotech']",0.00 %,3,100.00 %,3,0.00 %,
Opel,"{'germany': False, 'rüsselsheim': True, 'vauxhall': True}","['germany', 'cars', 'insignia', 'astra', 'zafira']",0.00 %,3,66.67 %,2,0.00 %,0.00 %
Pagani,"{'italy': False, 'sports car': True, 'luxury': True, 'expensive': True}","['luxury', 'supercar', 'italian', 'exotic', 'handcrafted']",50.00 %,4,75.00 %,3,33.33 %,100.00 %
Peugeot,"{'france': True, 'bicycles': False, 'motorcycle': False}","['france', 'luxury', 'suzuki', 'crown', 'gsx']",100.00 %,3,66.67 %,1,100.00 %,100.00 %
Piaggio,"{'italy': True, 'motorcycles': False, 'moped': True, 'vespa': True, ""italy's manufacturing hub"": False}","['vespa', 'motorcycle', 'scooter', 'italy', 'design']",75.00 %,4,50.00 %,3,66.67 %,50.00 %
Polaris,"{'america': False, 'united states': False, 'quads': False, 'snow mobile': False}","['star', 'north', 'aurora', 'astronomy', 'constellation']",100.00 %,4,100.00 %,0,,100.00 %
Pontiac,"{'general motors': True, 'united states': True, 'america': False}","['gto', 'firebird', 'muscle', 'performance', 'classic']",33.33 %,3,100.00 %,2,0.00 %,100.00 %
Porsche,"{'germany': True, 'stuttgart': True, '911': True, 'volkswagen': False}","['performance', 'luxury', 'germany', 'sports', 'exclusivity']",50.00 %,4,75.00 %,3,33.33 %,100.00 %
Renault,"{'france': False, 'small cars': True, 'nissan': False}","['clio', 'megane', 'kangoo', 'twizy', 'formula one']",66.67 %,3,100.00 %,1,0.00 %,100.00 %
Rover,"{'england': False, 'tata': False, 'small cars': False, 'bwm': True}","['space', 'dog', 'exploration', 'vehicle', 'adventure']",75.00 %,4,100.00 %,1,0.00 %,100.00 %
Saab,"{'sweden': True, 'scania': True, 'stockholm': False}","['sweden', 'scandinavian', 'car', 'design', 'luxury']",66.67 %,3,66.67 %,2,50.00 %,100.00 %
Scania,"{'sweden': True, 'trucks': True, 'big rig': False, 'cargo': True}","['trucks', 'transportation', 'sweden', 'gasoline', 'construction']",75.00 %,4,50.00 %,3,66.67 %,100.00 %
Skoda,"{'tschechien': False, 'volkswagen': True, 'small cars': False}","['symbolic', 'scouting', 'selector', 'sliding', 'shutdown']",66.67 %,3,100.00 %,1,0.00 %,100.00 %
Smart,"{'germany': False, 'small': False, 'parking space': False, 'mercedes': True, 'daimler': True}","['innovative', 'intelligent', 'technological', 'analytical', 'resourceful']",60.00 %,5,100.00 %,2,0.00 %,100.00 %
Suzuki,"{'japan': True, 'motorbikes': True, 'honda': False}","['jupiter', 'veloce', 'vitara', 'baleno', 'hayabusa']",33.33 %,3,100.00 %,2,0.00 %,100.00 %
Tesla,"{'elon musk': True, 'united states': False, 'electric': True, 'sexy': False}","['electric', 'autonomous', 'sustainable', 'innovation', 'luxury']",75.00 %,4,75.00 %,2,50.00 %,100.00 %
Toyota,"{'multicorporate enterprise': False, 'japan': True, 'yaris': True, 'avensis': False}","['corolla', 'suv', 'camry', 'racing', 'hybrid']",50.00 %,4,100.00 %,2,0.00 %,100.00 %
Trabant,"{'trabbi': False, 'ddr': True, 'veb': True, 'germany': True, 'zwickau': False}","['east', 'germany', 'volkswagen', 'economy', 'retro']",60.00 %,5,80.00 %,3,33.33 %,100.00 %
UAZ,"{'russia': False, 'soviet union': True, 'trucks': True, 'big rig': False, 'cargo': True}","['uaz', 'soviet', 'russia', 'truck', 'military']",20.00 %,5,80.00 %,3,0.00 %,50.00 %
Volvo,"{'sweden': True, 'trucks': True, 'big rig': False, 'ford': False, 'cargo': True}","['safety', 'luxury', 'sweden', 'suv', 'reliability']",60.00 %,5,80.00 %,3,33.33 %,100.00 %
Volkswagen,"{'germany': True, 'golf': True, 'passat': True, 'audi': False, 'wolfsburg': True}","['germany', 'beetle', 'audi', 'suv', 'turbo']",20.00 %,5,60.00 %,4,25.00 %,0.00 %
Wartburg,"{'lada': False, 'ddr': True, 'russia': False, 'trabbi': False, 'germany': True}","['castle', 'martin luther', 'reformation', 'germany', 'history']",80.00 %,5,80.00 %,2,50.00 %,100.00 %
Afghanistan,"{'asia': True, 'southern asia': False, 'kabul': True}","['desert', 'war', 'tradition', 'islam', 'mountain']",33.33 %,3,100.00 %,2,0.00 %,100.00 %
Albania,"{'europe': True, 'southern europe': False, 'tirana': True}","['mountains', 'beaches', 'history', 'culture', 'tirana']",66.67 %,3,66.67 %,2,50.00 %,100.00 %
Algeria,"{'africa': True, 'northern africa': True, 'algiers': True}","['desert', 'berbers', 'casbah', 'oasis', 'hassan ii']",0.00 %,3,100.00 %,3,0.00 %,
Angola,"{'africa': True, 'middle africa': False, 'luanda': True}","['lusophone', 'oil', 'colonial', 'savannah', 'football']",33.33 %,3,100.00 %,2,0.00 %,100.00 %
Anguilla,"{'americas': False, 'caribbean': True, 'the valley': False}","['beach', 'island', 'turquoise', 'secluded', 'luxury']",66.67 %,3,100.00 %,1,0.00 %,100.00 %
Argentina,"{'americas': True, 'south america': True, 'buenos aires': True}","['tango', 'asado', 'buenos aires', 'football', 'gaucho']",33.33 %,3,66.67 %,3,33.33 %,
Armenia,"{'asia': True, 'western asia': True, 'yerevan': True}","['mountararat', 'yerevan', 'cuisine', 'ancienthistory', 'wine']",33.33 %,3,66.67 %,3,33.33 %,
Aruba,"{'americas': True, 'caribbean': True, 'oranjestad': True}","['beach', 'suncream', 'beachside', 'paradise', 'resort']",0.00 %,3,100.00 %,3,0.00 %,
Australia,"{'oceania': False, 'australia and new zealand': True, 'canberra': True}","['kangaroo', 'surfing', 'beach', 'koala', 'boomerang']",33.33 %,3,100.00 %,2,0.00 %,100.00 %
Austria,"{'europe': True, 'western europe': False, 'vienna': True}","['vienna', 'mozart', 'café', 'alps', 'schönbrunn']",66.67 %,3,66.67 %,2,50.00 %,100.00 %
Azerbaijan,"{'asia': True, 'western asia': False, 'baku': True}","['oil', 'caspian', 'shirvanshahs', 'baku', 'cuisine']",66.67 %,3,66.67 %,2,50.00 %,100.00 %
Bahamas,"{'americas': False, 'caribbean': True, 'nassau': True}","['beach', 'island', 'tropical', 'paradise', 'snorkeling']",33.33 %,3,100.00 %,2,0.00 %,100.00 %
Bahrain,"{'asia': True, 'western asia': True, 'manama': True}","['oil', 'islands', 'manama', 'pearl', 'arabian']",33.33 %,3,66.67 %,3,33.33 %,
Bangladesh,"{'asia': True, 'southern asia': False, 'dhaka': True}","['rice', 'cyclone', 'mosque', 'river', 'sari']",33.33 %,3,100.00 %,2,0.00 %,100.00 %
Barbados,"{'americas': True, 'caribbean': True, 'bridgetown': True}","['beaches', 'island', 'rum', 'surfing', 'cricket']",0.00 %,3,100.00 %,3,0.00 %,
Belarus,"{'europe': True, 'eastern europe': True, 'minsk': True}","['orthodox', 'minsk', 'nobel', 'lithuania', 'winter']",33.33 %,3,66.67 %,3,33.33 %,
Belgium,"{'europe': True, 'western europe': True, 'brussels': True}","['chocolate', 'beer', 'fries', 'diamonds', 'brussels sprouts']",0.00 %,3,100.00 %,3,0.00 %,
Belize,"{'americas': False, 'central america': True, 'belmopan': False}","['tropical', 'islands', 'crovers and remains of the ancient mayan ruins', 'jaguars', 'shrimp']",66.67 %,3,100.00 %,1,0.00 %,100.00 %
Benin,"{'africa': False, 'western africa': True, 'porto-novo': True}","['voodoo', 'congo', 'gold', 'pygmy', 'cultural']",33.33 %,3,100.00 %,2,0.00 %,100.00 %
Bermuda,"{'americas': False, 'northern america': False, 'hamilton': True}","['beaches', 'pink-sand', 'golf', 'british', 'colonial']",66.67 %,3,100.00 %,1,0.00 %,100.00 %
Bhutan,"{'asia': True, 'southern asia': True, 'thimphu': True}","['paro', 'taktshang', 'gangtey', 'monasteries', 'himalayas']",0.00 %,3,100.00 %,3,0.00 %,
Brazil,"{'americas': False, 'south america': True, 'brasília': True}","['samba', 'beach', 'football', ' carnival', 'amazon']",33.33 %,3,100.00 %,2,0.00 %,100.00 %
Bulgaria,"{'europe': True, 'eastern europe': True, 'sofia': True}","['beaches', 'history', 'bulgarian', 'balkans', 'wine']",0.00 %,3,100.00 %,3,0.00 %,
Burundi,"{'africa': True, 'eastern africa': True, 'bujumbura': True}","['conflict', 'dutch', 'lake', 'kigali', 'genocide']",0.00 %,3,100.00 %,3,0.00 %,
Cambodia,"{'asia': True, 'south-eastern asia': True, 'phnom penh': True}","['angkor', 'temples', 'khmer', 'siem reap', 'river']",0.00 %,3,100.00 %,3,0.00 %,
Cameroon,"{'africa': True, 'middle africa': False, 'yaoundé': True}","['mount cameroon', 'rainforest', 'crocodiles', 'french', 'gabonese']",33.33 %,3,100.00 %,2,0.00 %,100.00 %
Chad,"{'africa': True, 'middle africa': False, ""n'djamena"": True}","['extra-large', 'unbeatable', 'charming', 'attractive', 'buffalo']",33.33 %,3,100.00 %,2,0.00 %,100.00 %
Chile,"{'americas': True, 'south america': True, 'santiago': False}","['succulent', 'spicy', 'mountainous', 'pacific ocean', 'wine']",33.33 %,3,100.00 %,2,0.00 %,100.00 %
China,"{'asia': True, 'eastern asia': False, 'beijing': True, 'hong kong': True}","['panda', 'szechuan', 'great wall', 'diamonds', 'lotus']",25.00 %,4,100.00 %,3,0.00 %,100.00 %
Comoros,"{'ocean': True, 'island': True, 'archipelago': True, 'indian ocean': True, 'southeast asia': False}","['island', 'indian', 'ocean', 'muslim', 'african']",100.00 %,3,100.00 %,4,0.00 %,100.00 %
Croatia,"{'europe': True, 'southern europe': True, 'zagreb': True}","['dalmatian', 'medieval', 'adriatic', 'dubrovnik', 'ancient']",0.00 %,3,100.00 %,3,0.00 %,
Cuba,"{'americas': True, 'caribbean': True, 'havana': True}","['cuba', 'che guevara', 'rum', 'beaches', 'music']",0.00 %,3,100.00 %,3,0.00 %,
Curaçao,"{'americas': False, 'caribbean': True, 'willemstad': True}","['beaches', 'snorkeling', 'rum', 'colorful', 'caribbean']",66.67 %,3,66.67 %,2,50.00 %,100.00 %
Cyprus,"{'europe': True, 'southern europe': True, 'nicosia': True}","['beaches', 'history', 'wine', 'cuisine', 'island']",0.00 %,3,100.00 %,3,0.00 %,
Denmark,"{'europe': True, 'northern europe': True, 'copenhagen': True, 'lego': True}","['hans christian andersen', 'tivoli gardens', 'smørrebrød', 'hygge', 'copenhagen']",25.00 %,4,75.00 %,4,25.00 %,
Djibouti,"{'africa': True, 'eastern africa': True, 'djibouti': False}","['africa', 'beach', 'port', 'conflict', 'refugee']",66.67 %,3,66.67 %,2,50.00 %,100.00 %
Dominica,"{'americas': True, 'caribbean': True, 'roseau': True}","['beach', 'rainforest', 'waterfalls', 'tropical', 'island']",0.00 %,3,100.00 %,3,0.00 %,
Ecuador,"{'americas': True, 'south america': True, 'quito': True}","['galapagos', 'inca', 'rainforest', 'chapinero', 'quito']",33.33 %,3,66.67 %,3,33.33 %,
Egypt,"{'africa': True, 'northern africa': False, 'cairo': True}","['pyramids', 'mummies', 'sphinx', 'nile', 'pharaohs']",33.33 %,3,100.00 %,2,0.00 %,100.00 %
Eritrea,"{'africa': True, 'eastern africa': True, 'asmara': True}","['africa', 'desert', 'horn', 'refugee', 'poverty']",33.33 %,3,66.67 %,3,33.33 %,
Estonia,"{'europe': True, 'northern europe': True, 'tallinn': True}","['digital', 'nature', 'tallinn', 'estonian', 'code']",33.33 %,3,66.67 %,3,33.33 %,
Ethiopia,"{'africa': True, 'eastern africa': True, 'addis ababa': True}","['coffee', 'pyramids', 'abyssinian', 'harambe', 'coptic']",0.00 %,3,100.00 %,3,0.00 %,
Fiji,"{'oceania': True, 'melanesia': True, 'suva': True}","['islands', 'beaches', 'tropical', 'coral', 'paradise']",0.00 %,3,100.00 %,3,0.00 %,
Finland,"{'europe': True, 'northern europe': True, 'helsinki': True}","['lapland', 'sauna', 'midnight sun', 'finnish design', 'nature']",0.00 %,3,100.00 %,3,0.00 %,
France,"{'europe': False, 'western europe': False, 'paris': True, 'eiffel tower': True}","['eiffeltower', 'cheese', 'fashion', 'cuisine', 'romance']",50.00 %,4,100.00 %,2,0.00 %,100.00 %
Gabon,"{'africa': True, 'middle africa': False, 'libreville': True, 'rainforest': True, 'equatorial': True}","['rainforest', 'gorillas', 'ocean', 'elephants', 'pygmy']",33.33 %,3,100.00 %,4,0.00 %,100.00 %
Gambia,"{'africa': True, 'western africa': True, 'banjul': True}","['safari', 'banana', 'river', 'kunta', 'tourism']",0.00 %,3,100.00 %,3,0.00 %,
Georgia,"{'asia': False, 'western asia': False, 'tbilisi': True}","['peaches', 'melon', 'presents', 'bossa nova', 'civil war']",66.67 %,3,100.00 %,1,0.00 %,100.00 %
Germany,"{'europe': False, 'western europe': False, 'berlin': True, 'munich': True, 'hamburg': True}","['beer', 'autobahn', 'bratwurst', 'christmas markets', 'bavaria']",40.00 %,5,100.00 %,3,0.00 %,100.00 %
Ghana,"{'africa': True, 'western africa': True, 'accra': True}","['cocoa', 'gold', 'wakaru', 'kente', 'chamma']",0.00 %,3,100.00 %,3,0.00 %,
Gibraltar,"{'europe': True, 'southern europe': True, 'gibraltar': False}","['rocky', 'fortress', 'monarchy', 'tamaschorca', 'maritime']",33.33 %,3,100.00 %,2,0.00 %,100.00 %
Greece,"{'europe': False, 'southern europe': False, 'athens': True}","['olives', 'santorini', 'greek', 'olympus', 'feta']",66.67 %,3,100.00 %,1,0.00 %,100.00 %
Greenland,"{'americas': False, 'northern america': False, 'nuuk': True}","['iceberg', 'polar', 'arctic', 'icecap', 'northern']",66.67 %,3,100.00 %,1,0.00 %,100.00 %
Grenada,"{'americas': True, 'caribbean': True, ""st. george's"": False}","['beaches', 'spice', 'island', 'rainforest', 'rum']",33.33 %,3,100.00 %,2,0.00 %,100.00 %
Guadeloupe,"{'americas': True, 'caribbean': True, 'basse-terre': True}","[' caribbean', 'beaches', 'creole', 'volcanoes', 'rum']",0.00 %,3,100.00 %,3,0.00 %,
Guam,"{'oceania': False, 'micronesia': False, 'hagåtña': True}","['tropical', 'marine', 'japanese', 'chamorro', 'refugee']",66.67 %,3,100.00 %,1,0.00 %,100.00 %
Guernsey,"{'europe': True, 'northern europe': False, 'st. peter port': True}","['fm_shirts', 'prettiest', 'island', 'creatures', 'channel']",33.33 %,3,100.00 %,2,0.00 %,100.00 %
Guinea-Bissau,"{'africa': True, 'western africa': True, 'bissau': True}","['sunset', 'beach', 'clams', 'serra', 'carnation']",0.00 %,3,100.00 %,3,0.00 %,
Guyana,"{'americas': False, 'south america': True, 'georgetown': True}","['rainforest', 'cricket', 'cuisine', 'indigenous', 'geography']",33.33 %,3,100.00 %,2,0.00 %,100.00 %
Haiti,"{'americas': True, 'caribbean': True, 'port-au-prince': True}","['earthquake', 'voodoo', 'beaches', 'poverty', 'carnival']",0.00 %,3,100.00 %,3,0.00 %,
Honduras,"{'americas': True, 'central america': True, 'tegucigalpa': False}","['beaches', 'coffee', 'volcanoes', 'garifuna', 'tropical']",33.33 %,3,100.00 %,2,0.00 %,100.00 %
Hungary,"{'europe': True, 'eastern europe': True, 'budapest': True}","['paprika', 'danube', 'budapest', 'thermal', 'architecture']",33.33 %,3,66.67 %,3,33.33 %,
Iceland,"{'europe': False, 'northern europe': False, 'reykjavík': True}","['glaciers', 'hot springs', 'volcanoes', 'northern lights', 'geysers']",66.67 %,3,100.00 %,1,0.00 %,100.00 %
India,"{'asia': False, 'southern asia': False, 'new delhi': True}","['taj mahal', 'spices', 'tandoori', 'diwali', 'sari']",66.67 %,3,100.00 %,1,0.00 %,100.00 %
Indonesia,"{'asia': True, 'south-eastern asia': False, 'jakarta': True}","['volcanoes', 'beaches', 'rice', 'bali', 'orangutans']",33.33 %,3,100.00 %,2,0.00 %,100.00 %
Iraq,"{'asia': True, 'western asia': False, 'baghdad': True}","['war', 'conflict', 'baghdad', 'oil', 'terrorism']",66.67 %,3,66.67 %,2,50.00 %,100.00 %
Ireland,"{'europe': True, 'northern europe': False, 'dublin': True}","['shamrock', 'rainbow', 'leather', 'whiskey', 'celtic']",33.33 %,3,100.00 %,2,0.00 %,100.00 %
Israel,"{'asia': False, 'western asia': True, 'jerusalem': True}","['jerusalem', 'desert', 'kibbutz', 'diaspora', 'shabbat']",66.67 %,3,66.67 %,2,50.00 %,100.00 %
Italy,"{'europe': True, 'southern europe': False, 'rome': True}","['pizza', 'cannoli', 'gondola', 'tuscany', 'la dolce vita']",33.33 %,3,100.00 %,2,0.00 %,100.00 %
Jamaica,"{'americas': False, 'caribbean': True, 'kingston': True}","['reggae', 'beach', 'massaging', 'mamon', 'jerk']",33.33 %,3,100.00 %,2,0.00 %,100.00 %
Jersey,"{'europe': False, 'northern europe': False, 'saint helier': True}","['garden', 'shore', 'beach', 'football', 'golf']",66.67 %,3,100.00 %,1,0.00 %,100.00 %
Jordan,"{'asia': False, 'western asia': False, 'amman': False}","['basketball', 'air jordan', 'shoe', 'r retirement', 'nike']",100.00 %,3,100.00 %,0,,100.00 %
Kazakhstan,"{'asia': True, 'central asia': True, 'astana': True}","['central asia', 'opera', 'roller coaster', 'ustyurt desert', 'baikonur cosmodrome']",33.33 %,3,66.67 %,3,33.33 %,
Kenya,"{'africa': True, 'eastern africa': True, 'nairobi': True}","['safari', 'tanzania', 'masai', 'barcelona', 'serengeti']",0.00 %,3,100.00 %,3,0.00 %,
Kiribati,"{'oceania': True, 'micronesia': False, 'south tarawa': False}","['pacific', 'islands', 'tropical', 'marshall', 'pacificislands']",66.67 %,3,100.00 %,1,0.00 %,100.00 %
Kuwait,"{'asia': True, 'western asia': False, 'kuwait city': True}","['oil', 'desert', 'gulf', 'petroleum', 'sheikh']",33.33 %,3,100.00 %,2,0.00 %,100.00 %
Kyrgyzstan,"{'asia': True, 'central asia': True, 'bishkek': True}","['mountains', 'nomads', 'lake issyk-kul', 'traditional', 'nomadic']",0.00 %,3,100.00 %,3,0.00 %,
Latvia,"{'europe': True, 'northern europe': False, 'riga': True}","['baltic', 'riga', 'soviet', 'winter', 'traditional']",66.67 %,3,66.67 %,2,50.00 %,100.00 %
Lebanon,"{'asia': False, 'western asia': True, 'beirut': True}","['middle east', 'mount lebanon', 'cedars', 'syria', 'beirut']",66.67 %,3,66.67 %,2,50.00 %,100.00 %
Lesotho,"{'africa': True, 'southern africa': False, 'maseru': True}","['mountains', 'basotho', 'sheep', 'cattle', 'maluti']",33.33 %,3,100.00 %,2,0.00 %,100.00 %
Liberia,"{'africa': True, 'western africa': False, 'monrovia': True}","['west africa', 'colonial history', 'ebola', 'rainforests', 'independence']",33.33 %,3,100.00 %,2,0.00 %,100.00 %
Libya,"{'africa': True, 'northern africa': True, 'tripoli': True}","['desert', 'beaches', 'colossus', 'tripoli', 'oil']",33.33 %,3,66.67 %,3,33.33 %,
Liechtenstein,"{'europe': True, 'western europe': False, 'vaduz': True}","['princess', 'banking', 'hiking', 'castles', 'switzerland']",33.33 %,3,100.00 %,2,0.00 %,100.00 %
Lithuania,"{'europe': True, 'northern europe': False, 'vilnius': True}","['vilnius', 'castles', 'sausages', 'wooden', 'midsummer']",66.67 %,3,66.67 %,2,50.00 %,100.00 %
Luxembourg,"{'europe': False, 'western europe': True, 'luxembourg': True}","['cathedral', 'wine', 'castles', 'grand', 'princess']",33.33 %,3,100.00 %,2,0.00 %,100.00 %
Madagascar,"{'africa': True, 'eastern africa': False, 'antananarivo': True}","['lemurs', 'rainforests', 'lemurines', 'zoo', 'island']",33.33 %,3,100.00 %,2,0.00 %,100.00 %
Malawi,"{'africa': True, 'eastern africa': False, 'lilongwe': True}","['lake', 'tourism', 'chili', 'mount mulanje', 'lake malawi']",33.33 %,3,100.00 %,2,0.00 %,100.00 %
Malaysia,"{'asia': True, 'south-eastern asia': True, 'kuala lumpur': True}","['rainforest', 'spice', 'street food', 'beaches', 'buddha']",0.00 %,3,100.00 %,3,0.00 %,
Maldives,"{'asia': False, 'southern asia': False, 'malé': True}","['beach', 'luxury', 'paradise', 'resort', 'island']",66.67 %,3,100.00 %,1,0.00 %,100.00 %
Mali,"{'africa': True, 'western africa': False, 'bamako': True}","['empire', 'cotton', 'desert', 'sahara', 'timbuktu']",33.33 %,3,100.00 %,2,0.00 %,100.00 %
Malta,"{'europe': False, 'southern europe': True, 'valletta': True}","['history', 'beaches', 'cuisine', 'medieval', 'islands']",33.33 %,3,100.00 %,2,0.00 %,100.00 %
Martinique,"{'americas': True, 'caribbean': True, 'fort-de-france': True}","['beach', 'sugar', 'rum', 'french', 'tropical']",0.00 %,3,100.00 %,3,0.00 %,
Mauritius,"{'africa': False, 'eastern africa': False, 'port louis': True}","['beach', 'tropical', 'sugar', 'island', 'luxury']",66.67 %,3,100.00 %,1,0.00 %,100.00 %
Mayotte,"{'africa': True, 'eastern africa': False, 'mamoudzou': True}","['island', 'france', 'comoros', 'crab', 'pazehi']",33.33 %,3,100.00 %,2,0.00 %,100.00 %
Mexico,"{'americas': False, 'central america': True, 'mexico city': True}","['tacos', 'pyramids', 'beach', 'mariachi', 'sierra madre']",33.33 %,3,100.00 %,2,0.00 %,100.00 %
Monaco,"{'europe': False, 'western europe': False, 'monaco': True}","['luxury', 'cars', 'casino', 'beach', ' prince']",66.67 %,3,100.00 %,1,0.00 %,100.00 %
Mongolia,"{'asia': True, 'eastern asia': False, 'ulan bator': True}","['genghis', 'steppe', 'yak', 'naadam', 'ger']",33.33 %,3,100.00 %,2,0.00 %,100.00 %
Montenegro,"{'europe': True, 'southern europe': True, 'podgorica': True}","['beaches', 'bay', 'boka', 'bay of kotor', 'countryside']",0.00 %,3,100.00 %,3,0.00 %,
Montserrat,"{'americas': False, 'caribbean': True, 'plymouth': False}","['volcanic', 'island', 'caribbean', 'beaches', 'sailing']",100.00 %,3,66.67 %,1,100.00 %,100.00 %
Morocco,"{'africa': True, 'northern africa': True, 'rabat': True}","['spices', 'souks', 'marrakech', 'carpets', 'tagines']",0.00 %,3,100.00 %,3,0.00 %,
Mozambique,"{'africa': True, 'eastern africa': False, 'maputo': True}","['coastline', 'beaches', 'godfather of going', 'pirates', '_language']",33.33 %,3,100.00 %,2,0.00 %,100.00 %
Myanmar,"{'asia': True, 'south-eastern asia': False, 'naypyidaw': True}","['buddhism', 'rice', 'temples', 'monks', 'burma']",33.33 %,3,100.00 %,2,0.00 %,100.00 %
Namibia,"{'africa': True, 'southern africa': True, 'windhoek': True}","['desert', 'safari', 'etosha', 'sand', 'wildlife']",0.00 %,3,100.00 %,3,0.00 %,
Nepal,"{'asia': True, 'southern asia': False, 'kathmandu': True}","['himalayas', 'trekking', 'buddhism', 'tibetan', 'mount everest']",33.33 %,3,100.00 %,2,0.00 %,100.00 %
Netherlands,"{'europe': True, 'western europe': False, 'amsterdam': True}","['canals', 'tulips', 'cheese', 'windmills', 'cycling']",33.33 %,3,100.00 %,2,0.00 %,100.00 %
Nicaragua,"{'americas': True, 'central america': True, 'managua': True}","['volcanoes', 'beaches', 'coffee', 'salsa', 'leather']",0.00 %,3,100.00 %,3,0.00 %,
Niger,"{'africa': True, 'western africa': True, 'niamey': True}","['desert', 'sahel', 'nomads', 'agadez', 'insecurity']",0.00 %,3,100.00 %,3,0.00 %,
Nigeria,"{'africa': False, 'western africa': False, 'abuja': True}","['oil', 'music', 'football', 'cultural diversity', 'corruption']",66.67 %,3,100.00 %,1,0.00 %,100.00 %
Niue,"{'oceania': True, 'alofi': True, 'pacific': True}","['island', 'pacific', 'tropical', 'beaches', 'sailing']",33.33 %,3,100.00 %,3,0.00 %,
Norway,"{'europe': False, 'northern europe': True, 'oslo': True}","['fjords', 'skiing', 'midnight sun', 'lapland', 'whale watching']",33.33 %,3,100.00 %,2,0.00 %,100.00 %
Oman,"{'asia': True, 'western asia': False, 'muscat': True}","['desert', 'sheikh', 'mosque', 'pearls', 'architecture']",33.33 %,3,100.00 %,2,0.00 %,100.00 %
Pakistan,"{'asia': True, 'southern asia': False, 'islamabad': True}","['kabul', 'taj mahal', 'mughal', 'karachi', 'hindu']",33.33 %,3,100.00 %,2,0.00 %,100.00 %
Palau,"{'oceania': False, 'micronesia': True, 'ngerulmud': True}","['tropical', 'coral', 'reef', 'beaches', 'jellyfish']",33.33 %,3,100.00 %,2,0.00 %,100.00 %
Panama,"{'americas': True, 'central america': True, 'panama city': False}","['canal', 'beaches', 'rainforest', 'cities', 'pistols']",33.33 %,3,100.00 %,2,0.00 %,100.00 %
Paraguay,"{'americas': True, 'south america': True, 'asunción': True}","['chaco', 'asunción', 'guarani', 'iguazú', 'cattle']",33.33 %,3,66.67 %,3,33.33 %,
Peru,"{'inca': True, 'cusco': True, 'coca': True, 'amazon': True, 'santiago': False}","['inca', 'cusco', 'machu picchu', 'llama', 'salsa']",100.00 %,3,100.00 %,4,0.00 %,100.00 %
Pitcairn,"{'oceania': False, 'polynesia': True, 'adamstown': True}","['island', 'tikopia', 'mutiny', 'hms bounty', 'christianity']",33.33 %,3,100.00 %,2,0.00 %,100.00 %
Poland,"{'europe': True, 'eastern europe': True, 'warsaw': True}","['pierogi', 'warsaw', 'vistula', 'sopot', 'solidarity']",33.33 %,3,66.67 %,3,33.33 %,
Portugal,"{'europe': True, 'southern europe': True, 'lisbon': True}","['lisbon', 'port', 'azores', 'fado', 'pastéis de nata']",33.33 %,3,66.67 %,3,33.33 %,
Qatar,"{'asia': True, 'western asia': False, 'doha': True}","['oil', 'architecture', 'luxury', 'hospitality', 'doha']",66.67 %,3,66.67 %,2,50.00 %,100.00 %
Réunion,"{'africa': 'true', 'eastern africa': 'true', 'saint-denis': 'true'}","['island', 'french', 'volcanic', 'lagoon', 'tropical']",0.00 %,3,100.00 %,0,,
Romania,"{'europe': True, 'eastern europe': False, 'bucharest': True}","['transylvania', 'castles', 'dracula', 'peasants', 'romanian']",33.33 %,3,100.00 %,2,0.00 %,100.00 %
Rwanda,"{'africa': True, 'eastern africa': False, 'kigali': True}","['genocide', 'mountains', 'lake', 'volcanoes', 'kigali']",66.67 %,3,66.67 %,2,50.00 %,100.00 %
Samoa,"{'oceania': False, 'polynesia': True, 'apia': True}","['coconuts', 'tropical', 'islands', 'ocean', 'polynesian']",33.33 %,3,100.00 %,2,0.00 %,100.00 %
Senegal,"{'africa': True, 'western africa': False, 'dakar': True}","['west africa', 'wolof', 'dakar', 'sufi', 'sengalese']",66.67 %,3,66.67 %,2,50.00 %,100.00 %
Serbia,"{'europe': True, 'southern europe': False, 'belgrade': True}","['balkans', 'tito', 'kosovo', 'sava', 'novi sad']",33.33 %,3,100.00 %,2,0.00 %,100.00 %
Seychelles,"{'africa': True, 'eastern africa': False, 'victoria': True}","['beach', 'islands', 'tropical', 'coral', 'marine']",33.33 %,3,100.00 %,2,0.00 %,100.00 %
Singapore,"{'asia': True, 'south-eastern asia': False, 'singapore': True}","['chili crab', 'marina bay sands', 'merlion', 'food stalls', 'gardens by the bay']",33.33 %,3,100.00 %,2,0.00 %,100.00 %
Slovenia,"{'europe': True, 'southern europe': False, 'ljubljana': True}","['alps', 'lake', 'bled', 'postojna', 'ceremonial']",33.33 %,3,100.00 %,2,0.00 %,100.00 %
Somalia,"{'africa': True, 'eastern africa': True, 'mogadishu': True}","['conflict', 'refugees', 'piracy', 'desert', 'hijab']",0.00 %,3,100.00 %,3,0.00 %,
Spain,"{'europe': False, 'southern europe': False, 'madrid': True}","['tapas', 'sangria', 'flamenco', 'siesta', 'guitar']",66.67 %,3,100.00 %,1,0.00 %,100.00 %
Sudan,"{'africa': True, 'northern africa': False, 'khartoum': True}","['desert', 'pyramids', 'islam', 'sahel', 'nile']",33.33 %,3,100.00 %,2,0.00 %,100.00 %
Swaziland,"{'africa': True, 'southern africa': True, 'lobamba': True}","['kangaroo', 'safari', 'mountains', 'lake', 'eswatini']",0.00 %,3,100.00 %,3,0.00 %,
Sweden,"{'europe': False, 'northern europe': True, 'stockholm': True}","['lapland', 'midnight sun', 'fika', 'ikea', 'abba']",33.33 %,3,100.00 %,2,0.00 %,100.00 %
Switzerland,"{'europe': True, 'western europe': False, 'bern': True}","['chocolate', 'mountains', 'cheese', 'clocks', 'neutrality']",33.33 %,3,100.00 %,2,0.00 %,100.00 %
Taiwan,"{'asia': True, 'eastern asia': False, 'taipei': True}","['night markets', 'bubble tea', 'taipei 101', 'aboriginal culture', 'beaches']",33.33 %,3,100.00 %,2,0.00 %,100.00 %
Tajikistan,"{'asia': True, 'central asia': True, 'dushanbe': False}","['mountainous', 'central asia', 'islamic', 'silk road', 'buddhist']",66.67 %,3,66.67 %,2,50.00 %,100.00 %
Thailand,"{'asia': True, 'south-eastern asia': True, 'bangkok': True}","['siam', 'spicy', 'tropical', 'beaches', 'budha']",0.00 %,3,100.00 %,3,0.00 %,
Timor-Leste,"{'asia': True, 'south-eastern asia': False, 'dili': True}","['conflict', 'independence', 'refugees', 'humanitarian', 'resource-poor']",33.33 %,3,100.00 %,2,0.00 %,100.00 %
Togo,"{'africa': True, 'western africa': False, 'lomé': True}","['africa', 'horn of africa', 'village', 'traditional', 'heritage']",66.67 %,3,66.67 %,2,50.00 %,100.00 %
Tokelau,"{'oceania': False, 'polynesia': True, 'fakaofo': True}","['pacific', 'island', 'polynesian', 'remote', 'tropical']",33.33 %,3,100.00 %,2,0.00 %,100.00 %
Tonga,"{'oceania': False, 'polynesia': True, ""nuku'alofa"": False}","['islands', 'pacific', 'kingdom', 'sailing', 'polynesia']",100.00 %,3,66.67 %,1,100.00 %,100.00 %
Tunisia,"{'africa': True, 'northern africa': False, 'tunis': True}","['beaches', 'history', 'cuisine', 'deserts', 'medina']",33.33 %,3,100.00 %,2,0.00 %,100.00 %
Turkey,"{'asia': False, 'western asia': False, 'ankara': True}","['pilgrimage', 'pumpkin', 'football', 'stuffed', 'thanksgiving']",66.67 %,3,100.00 %,1,0.00 %,100.00 %
Turkmenistan,"{'asia': True, 'central asia': True, 'ashgabat': True}","['deserts', 'oil', 'dictator', 'merv', 'silk road']",0.00 %,3,100.00 %,3,0.00 %,
Tuvalu,"{'oceania': False, 'polynesia': False, 'funafuti': True}","['island', 'pacific', 'coral', 'archipelago', 'small']",66.67 %,3,100.00 %,1,0.00 %,100.00 %
Uganda,"{'africa': True, 'eastern africa': False, 'kampala': True}","['mountains', 'lake', 'chimpanzees', 'safari', 'bwindi']",33.33 %,3,100.00 %,2,0.00 %,100.00 %
Ukraine,"{'europe': True, 'eastern europe': True, 'kiev': True, 'chernobyl': True}","['conflict', 'euromaidan', 'kiev', 'donbass', 'nuclear']",25.00 %,4,75.00 %,4,25.00 %,
Uruguay,"{'americas': True, 'south america': True, 'montevideo': True}","['beaches', 'gaucho', 'asado', 'football', 'colonia']",0.00 %,3,100.00 %,3,0.00 %,
Uzbekistan,"{'asia': True, 'central asia': True, 'tashkent': True}","['silk road', 'mosque', 'samarkand', 'cotton', 'minaret']",0.00 %,3,100.00 %,3,0.00 %,
Vanuatu,"{'oceania': True, 'melanesia': True, 'port vila': True}","['islands', 'tropical', 'beaches', 'kava', 'volcanoes']",0.00 %,3,100.00 %,3,0.00 %,
Yemen,"{'asia': True, 'western asia': False, ""sana'a"": True}","['borough', 'houthi', 'amran', 'oil', 'sheba']",33.33 %,3,100.00 %,2,0.00 %,100.00 %
Zambia,"{'africa': False, 'eastern africa': True, 'lusaka': True}","['wildlife', 'victoriafalls', 'safari', 'lusaka', 'zambiariver']",66.67 %,3,66.67 %,2,50.00 %,100.00 %
Zimbabwe,"{'africa': False, 'eastern africa': False, 'harare': True}","['victoria', 'rainbow', 'diamonds', 'safari', 'presidency']",66.67 %,3,100.00 %,1,0.00 %,100.00 %
Applesauce,"{'fruit': True, 'tree': True, 'glass': False, 'preserving': True}","['yogurt', 'peanut butter', 'cereal', 'baby food', 'snack']",25.00 %,4,100.00 %,3,0.00 %,100.00 %
Beer,"{'drink': True, 'bottle': True, 'toast': False}","['brewery', 'tap', 'glass', 'cheers', 'pint']",33.33 %,3,100.00 %,2,0.00 %,100.00 %
Bratwurst,"{'currywurst': True, 'thüringer': True, 'barbecue': False}","['german', 'sausage', 'beer', 'grill', 'bavarian']",33.33 %,3,100.00 %,2,0.00 %,100.00 %
Butter,"{'margarine': False, 'fat': True, 'roast': False, 'bread': True}","['spread', 'toast', 'melt', 'cooking', 'dairy']",50.00 %,4,100.00 %,2,0.00 %,100.00 %
Camembert,"{'cheese': True, 'white': False, 'cranberries': False}","['france', 'cheese', 'dairy', 'flaky', 'brie']",100.00 %,3,66.67 %,1,100.00 %,100.00 %
Chocolate,"{'cocoa': True, 'nutella': False, 'ritter sport': True}","['luxury', 'sweet', 'cocoa', 'decadent', 'delicious']",66.67 %,3,66.67 %,2,50.00 %,100.00 %
Ciabatta,"{'bread': True, 'baked': True, 'italy': True}","['italian', 'bread', 'crusty', 'soft', 'herb']",33.33 %,3,66.67 %,3,33.33 %,
Cola,"{'drink': True, 'fanta': False, 'sprite': False, 'brown': True, 'coca': True}","['fizzy', 'sweet', 'caffeine', 'bottled', 'refreshing']",40.00 %,5,100.00 %,3,0.00 %,100.00 %
Cornflakes,"{'breakfast': True, 'milk': True, 'kellogs': False, 'cereal': True}","['breakfast', 'cereal', 'golden', 'sugar', 'morning']",75.00 %,4,50.00 %,3,66.67 %,100.00 %
Cream,"{'butter': True, 'milk': True, 'cake': False, 'sundae': True}","['vanilla', 'cheesecake', 'whipped', 'butter', 'coffee']",50.00 %,4,75.00 %,3,33.33 %,100.00 %
Crispbread,"{'dry': False, 'hard': True, 'bread': True, 'baked': True}","['butter', 'toasting', 'tea', 'pastry', 'sandwich']",25.00 %,4,100.00 %,3,0.00 %,100.00 %
Croissant,"{'breakfast': True, 'bent': False, 'baked': True, 'sweet': True, 'jam': True}","['butter', 'flaky', 'france', 'pastry', 'breakfast']",40.00 %,5,80.00 %,4,25.00 %,100.00 %
Croquettes,"{'potatoes': False, 'fries': False, 'wedges': False}","['french', 'meat', 'bite-sized', 'crispy', 'appetizer']",100.00 %,3,100.00 %,0,,100.00 %
Donut,"{'round': True, 'sweet': True, 'glaze': True, 'coffee': False}","['glaze', 'sprinkles', 'boston', 'cake', 'frosting']",50.00 %,4,75.00 %,3,33.33 %,100.00 %
Duck,"{'pond': True, 'christmas': False, 'drake': True, 'goose': False}","['quack', 'feathers', 'waddle', 'webbed', 'swim']",50.00 %,4,100.00 %,2,0.00 %,100.00 %
Dürüm,"{'kebab': True, 'falafel': False, 'batter': False, 'salad': False}","['turkey', 'wraps', 'turkish', 'grilled', 'meat']",75.00 %,4,100.00 %,1,0.00 %,100.00 %
Eggs,"{'chicken': True, 'round': True, 'white': True, 'mirror': False, 'pan': True}","['scrambled', 'fried', 'boiled', 'omelette', 'breakfast']",20.00 %,5,100.00 %,4,0.00 %,100.00 %
Frikadelle,"{'boulette': False, 'meatball': True, 'meat': True}","['meatball', 'italian', 'german', 'pasta', 'comfort']",66.67 %,3,66.67 %,2,50.00 %,100.00 %
Fruit,"{'vegetable': False, 'apple': True, 'banana': True, 'strawberry': True}","['apple', 'banana', 'juice', 'tree', 'juicy']",75.00 %,4,50.00 %,3,66.67 %,100.00 %
Fruitcake,"{'baking': True, 'apple': False, 'plum': True, 'granny': False, 'vegetable': False}","[' традиition', 'spices', 'overpowering', 'holiday', 'wet']",60.00 %,5,100.00 %,2,0.00 %,100.00 %
Goose,"{'duck': True, 'christmas': False, 'turkey': False}","['turkey', 'feathers', 'waddle', 'honor', 'hunting']",33.33 %,3,66.67 %,1,0.00 %,50.00 %
Gouda,"{'cheese': True, 'emmental': False, 'maßdamer': False}","['cheese', 'netherlands', 'dutch', 'smoked', 'washed']",100.00 %,3,66.67 %,1,100.00 %,100.00 %
Hamburger,"{'mcdonalds': False, 'burger king': False, 'bread': True, 'pattie': True, 'salad': False}","['bun', 'patty', 'cheese', 'bacon', 'ketchup']",60.00 %,5,100.00 %,2,0.00 %,100.00 %
Honey,"{'bees': True, 'beekeeper': False, 'sweet': True, 'breakfast': False, 'bear': False}","['sweet', 'golden', 'nectar', 'bee', 'summer']",80.00 %,5,80.00 %,2,50.00 %,100.00 %
Jello,"{'green': False, 'woodruff': False, 'trembling': False, 'sweet': True, 'dessert': True}","['wiggle', 'wobbly', 'fruit', 'colorful', 'party']",60.00 %,5,100.00 %,2,0.00 %,100.00 %
KFC,"{'chicken wings': True, 'fat': False, 'usa': True, 'bucket': True}","['chicken', 'fried', 'bucket', 'secret', 'recipe']",50.00 %,4,75.00 %,3,33.33 %,100.00 %
Lemonade,"{'drink': True, 'cola': False, 'fanta': False, 'sprite': False}","['summer', 'refreshing', 'citrus', 'glass', 'picnic']",75.00 %,4,100.00 %,1,0.00 %,100.00 %
Licorice,"{'sweet': True, 'black': True, 'snacking': True}","['black', 'twist', 'whip', 'flavor', 'candy']",33.33 %,3,66.67 %,3,33.33 %,
Mackerel,"{'fish': True, 'sea': True, 'fishing': True}","['fish', 'seafood', 'salmon', 'salad', 'omega-3']",33.33 %,3,66.67 %,3,33.33 %,
Margarine,"{'spread': True, 'baking': True, 'butter': False, 'toast': False, 'yeast': False}","['spread', 'butter', 'dairy', 'saturated', 'fat']",66.67 %,3,33.33 %,2,50.00 %,33.33 %
Marmalade,"{'breakfast': True, 'spread': True, 'bread': True, 'strawberries': False}","['orange', 'breakfast', 'preserves', 'citrus', 'toast']",50.00 %,4,75.00 %,3,33.33 %,100.00 %
Marzipan,"{'cake': True, 'sweet': True, 'decoration': False, 'white': True}","['sweet', 'almond', 'german', 'christmas', 'decorative']",50.00 %,4,75.00 %,3,33.33 %,100.00 %
Mascarpone,"{'tiramisu': True, 'sweet': True, 'heavy': False, 'italy': True}","['italian', 'creamy', 'cheese', 'dessert', 'tiramisu']",50.00 %,4,75.00 %,3,33.33 %,100.00 %
Mayonnaise,"{'ketchup': False, 'sausage': True, 'fries': True, 'white': False}","['sandwich', 'salad', 'french', 'dip', 'condiment']",50.00 %,4,100.00 %,2,0.00 %,100.00 %
McDonalds,"{'burger king': False, 'hamburger': True, 'fries': True, 'yellow': True, 'bow': False}","['burger', 'fries', 'frenchfries', 'bigmac', 'chicken']",60.00 %,5,80.00 %,3,33.33 %,100.00 %
Milk,"{'cow': True, 'white': True, 'drink': True, 'cereal': False, 'breakfast': True}","['cow', 'glass', 'breakfast', 'calcium', 'yogurt']",60.00 %,5,60.00 %,4,50.00 %,100.00 %
Mousse,"{'chocolate': True, 'airy': True, 'brown': False, 'foam': True}","['light', 'whipped', 'chocolate', 'creamy', 'delicate']",50.00 %,4,75.00 %,3,33.33 %,100.00 %
Mozzarella,"{'pizza': True, 'tomato': True, 'italy': True, 'cheese': True}","['cheese', 'italy', 'pizza', 'melting', 'italian']",75.00 %,4,25.00 %,4,75.00 %,
Muesli,"{'breakfast': True, 'cornflakes': False, 'milk': True, 'bowl': True}","['oats', 'fruit', 'granola', 'breakfast', 'healthy']",50.00 %,4,75.00 %,3,33.33 %,100.00 %
Nutella,"{'nut': False, 'nougat': False, 'cream': False, 'chocolate': True, 'breakfast': False, 'spread': True}","['chocolate', 'hazelnut', 'spread', 'crepes', 'breakfast']",75.00 %,4,25.00 %,2,100.00 %,25.00 %
Nuts,"{'macadamia': False, 'fruit': True, 'bowl': False, 'trail mix': True}","['tree', 'crunchy', 'snack', 'butter', 'shell']",50.00 %,4,100.00 %,2,0.00 %,100.00 %
Olives,"{'oil': True, 'green': True, 'black': False, 'bitter': True}","[' salad', 'healthy', 'seasoning', 'tapenade', 'italy']",25.00 %,4,100.00 %,3,0.00 %,100.00 %
Oranges,"{'tangerine': False, 'fruit': True, 'christmas': False}","['juicy', 'segmented', 'vitamin', 'citrus', 'sunshine']",66.67 %,3,100.00 %,1,0.00 %,100.00 %
Pancakes,"{'baking': True, 'sweet': True, 'jam': True, 'dessert': True, 'pie': False}","['batter', 'flipping', 'butter', 'syrup', 'breakfast']",20.00 %,5,100.00 %,4,0.00 %,100.00 %
Pasta,"{'spaghetti': True, 'pasta': False, 'tomato sauce': True, 'italy': True}","['italy', 'spaghetti', 'meatballs', 'tomato sauce', 'cheese']",100.00 %,4,25.00 %,3,100.00 %,100.00 %
Pesto,"{'pasta': True, 'spaghetti': True, 'herbs': True, 'paste': False}","['basil', 'garlic', 'parmesan', 'olive oil', 'italian']",25.00 %,4,100.00 %,3,0.00 %,100.00 %
Pollock,"{'fish': False, 'sea': True, 'fishing': False}","['abstract', 'action', 'splatter', 'expression', 'bidirectional']",66.67 %,3,100.00 %,1,0.00 %,100.00 %
Popcorn,"{'corn': True, 'movie theater': True, 'salt': False, 'butter': True, 'sugar': False}","['movie', 'snack', 'cinema', 'salt', 'butter']",40.00 %,5,60.00 %,3,33.33 %,50.00 %
Potatoes,"{'earth': False, 'apple': False, 'brown': True, 'cooking': True, 'fries': True}","['fries', 'mash', 'baked', 'salad', 'chips']",50.00 %,4,75.00 %,3,33.33 %,50.00 %
Pudding,"{'chocolate': True, 'vanilla': True, 'sweet': True, 'dessert': True}","['sweet', 'creamy', 'dessert', 'chocolate', 'fruit']",75.00 %,4,25.00 %,4,75.00 %,
Rice,"{'asia': False, 'china': False, 'white': True, 'grain': True, 'chopsticks': True}","['asian', 'food', 'grain', 'stir-fry', 'sushi']",60.00 %,5,80.00 %,3,33.33 %,100.00 %
Rollmops,"{'fish': False, 'bread': False, 'herring': False}","['fish', 'breaded', 'crispy', 'fried', 'crispy']",66.67 %,3,66.67 %,0,,66.67 %
Rolls,"{'schrippe': False, 'semmel': True, 'baked': False, 'bakers': True}","['royce', 'racing', 'luxury', 'motor', 'sports']",50.00 %,4,100.00 %,2,0.00 %,100.00 %
Salami,"{'sausage': True, 'pork': True, 'mince': False, 'topping': False}","['italy', 'meat', 'curing', 'flavor', 'italian']",50.00 %,4,100.00 %,2,0.00 %,100.00 %
Salmon,"{'fish': True, 'sea': True, 'fishing': True, 'tuna fish': False}","['fish', 'olive', 'grill', 'pacific', 'omega']",50.00 %,4,75.00 %,3,33.33 %,100.00 %
Saltines,"{'brown': False, 'pretzels': False, 'nibbles': False}","['crackers', 'snack', 'tea', 'breakfast', 'salty']",100.00 %,3,100.00 %,0,,100.00 %
Shrimp,"{'sea': True, 'fruit': False, 'sushi': True}","['seafood', 'crustacean', 'sushi', 'prawns', 'cocktail']",66.67 %,3,66.67 %,2,50.00 %,100.00 %
Soup,"{'liquid': True, 'water': True, 'herbs': True, 'broth': True}","['broth', 'noodles', 'vegetables', 'spices', 'comfort']",25.00 %,4,75.00 %,4,25.00 %,
Speisequark,"{'potatoes': False, 'herbs': False, 'yogurt': True, 'cream': True}","['erbse', 'kartoffeln', 'zwiebeln', 'brei', ' deutschland']",50.00 %,4,100.00 %,2,0.00 %,100.00 %
Spätzle,"{'noodles': False, 'dough': False, 'austria': True}","['german', 'noodles', 'homemade', 'sausage', 'comfort']",33.33 %,3,66.67 %,1,0.00 %,50.00 %
Starbucks,"{'coffee': True, 'expensive': True, 'cup': True, 'green': True, 'usa': False}","['coffee', 'latte', 'barista', 'cup', 'store']",60.00 %,5,60.00 %,4,50.00 %,100.00 %
Steak,"{'meat': True, 'cutlet': False, 'fries': False, 't-bone': True, 'filet': True}","['grill', 'rare', 'juicy', 'tender', 'savory']",40.00 %,5,100.00 %,3,0.00 %,100.00 %
Subway,"{'sandwich': True, 'salad': True, 'meat': False, 'usa': False, 'fast food': False}","['sandwich', 'bread', 'salad', 'meatball', 'footlong']",100.00 %,5,60.00 %,2,100.00 %,100.00 %
Sushi,"{'fish': True, 'seaweed': True, 'rice': True, 'asia': False, 'china': False}","['raw', 'fish', 'rice', 'vinegar', 'rolls']",80.00 %,5,60.00 %,3,66.67 %,100.00 %
Tiramisu,"{'mascarpone': True, 'coffee': True, 'biscuit': True, 'cake': False, 'italy': True}","['coffee', 'italy', 'cream', 'ladyfinger', 'chocolate']",60.00 %,5,60.00 %,4,50.00 %,100.00 %
Toast,"{'bread': True, 'baking': False, 'white': True, 'light': False}","['butter', 'jam', 'breakfast', 'bread', 'cinnamon']",75.00 %,4,75.00 %,2,50.00 %,100.00 %
Trout,"{'fish': True, 'sea': False, 'fishing': True}","['freshwater', 'anguilla', 'pancake', 'fishing', 'mountain']",66.67 %,3,66.67 %,2,50.00 %,100.00 %
Vegetables,"{'fruit': False, 'salad': True, 'tomato': True}","['salad', 'carrot', 'broccoli', 'peas', 'tomato']",100.00 %,3,33.33 %,2,100.00 %,100.00 %
Whiskey,"{'drink': True, 'spirit': True, 'scotland': False, 'brown': True}","['scotch', 'smoky', 'irish', 'smooth', 'luxury']",25.00 %,4,100.00 %,3,0.00 %,100.00 %
Wiener,"{'hot dog': True, 'bread': False, 'austria': False}","['sausage', 'hotdog', 'frankfurt', 'vienna', 'kielbasa']",66.67 %,3,100.00 %,1,0.00 %,100.00 %
Wine,"{'drink': True, 'red': True, 'white': True, 'adult': True}","['grape', 'bottle', 'vineyard', 'glasses', 'cheese']",0.00 %,4,100.00 %,4,0.00 %,
Bono,"{'singer': True, 'u2': True, 'rock': True, 'england': False}","['u2', 'rock', 'philanthropy', 'vocals', 'guitar']",75.00 %,4,50.00 %,3,66.67 %,100.00 %
Eminem,"{'rapper': True, 'slim shady': True, 'detroit': True, 'without me': False}","['controversy', 'rap', 'aggressive', 'lyrics', 'drama']",25.00 %,4,100.00 %,3,0.00 %,100.00 %
Michelangelo,"{'painter': True, 'artist': True, 'italy': True, 'sistine chapel': True, 'renaissance': True}","['artist', 'university', 'michelangelo buonarroti', 'sculptor', 'renaissance']",40.00 %,5,60.00 %,5,40.00 %,
Rembrandt,"{'artist': True, 'painter': True, 'dutch': True, 'netherlands': True, 'portraits': True}","['masterpiece', 'light', 'shadow', 'portraiture', 'baroque']",0.00 %,5,100.00 %,5,0.00 %,
Airship,"{'hindenburg': False, 'helium': True, 'balloon': False}","['zeppelin', 'gondola', 'propeller', 'cloud', 'luxury']",66.67 %,3,100.00 %,1,0.00 %,100.00 %
Antenna,"{'tv': True, 'internet': True, 'wlan': True}","['radio', 'tv', 'wireless', 'reception', 'signal']",33.33 %,3,66.67 %,3,33.33 %,
Bedding,"{'pillow': True, 'blanket': True, 'cover': True}","['pillow', 'blanket', 'sheet', 'comforter', 'mattress']",66.67 %,3,33.33 %,3,66.67 %,
BluRay,"{'dvd': False, 'cd': False, 'movie': True, 'gigabyte': True}","['disc', 'video', 'quality', 'storage', 'format']",50.00 %,4,100.00 %,2,0.00 %,100.00 %
Broom,"{'cleaning': True, 'sweeping': True}","['sweep', 'dust', 'vacuum', 'cleaning', 'mop']",50.00 %,4,50.00 %,2,100.00 %,
Cable,"{'electricity': True, 'long': False, 'plug': True, 'television': True}","['internet', 'tv', 'phone', 'network', 'fiber']",25.00 %,4,100.00 %,3,0.00 %,100.00 %
Carpet,"{'laminate': False, 'carpeting': True, 'floor': True}","['flooring', 'cushion', 'color', 'soft', 'pattern']",33.33 %,3,100.00 %,2,0.00 %,100.00 %
Chopsticks,"{'wood': False, 'china': True, 'two': False, 'rice': True}","['asia', 'food', 'china', 'appetizers', 'dining']",75.00 %,4,75.00 %,2,50.00 %,100.00 %
Clothesline,"{'dry': True, 'hang': True, 'clip': False}","['line', 'drying', 'laundry', 'outdoor', 'hanging']",33.33 %,3,100.00 %,2,0.00 %,100.00 %
Computer,"{'pc': True, 'laptop': True, 'notebook': False, 'internet': True}","['keyboard', 'monitor', 'internet', 'software', 'processor']",50.00 %,4,75.00 %,3,33.33 %,100.00 %
Corkscrew,"{'wine': True, 'food': True, 'restaurant': False, 'waiter': False}","['twist', 'wine', 'bottle', 'turn', 'spiral']",75.00 %,4,75.00 %,2,50.00 %,100.00 %
Cutlery,"{'knife': True, 'spoon': True, 'fork': True, 'food': False, 'table': False}","['knife', 'fork', 'spoon', 'set', 'table']",100.00 %,4,25.00 %,3,100.00 %,50.00 %
Dishes,"{'cutlery': True, 'plate': True, 'knife': True, 'fork': True}","['plate', 'bowl', 'silverware', 'kitchen', 'tablecloth']",25.00 %,4,75.00 %,4,25.00 %,
Dishwasher,"{'hand wash': False, 'plate': True, 'cutlery': True}","['clean', 'popup', 'tap', 'suds', 'maintenance']",33.33 %,3,100.00 %,2,0.00 %,100.00 %
Dustpan,"{'cleaning': True, 'broom': True, 'dirt': True}","['sweep', 'clean', 'floor', 'trash', 'broom']",33.33 %,3,66.67 %,3,33.33 %,
DVD,"{'movie': True, 'player': True, 'television': False, 'cd': False}","['player', 'video', 'movie', 'record', 'disc']",100.00 %,4,50.00 %,2,100.00 %,100.00 %
Dynamo,"{'bicycle': False, 'lamp': False, 'electricity': True}","['energy', 'power', 'electricity', 'motion', 'dynamic']",100.00 %,3,66.67 %,1,100.00 %,100.00 %
Fan,"{'wind': True, 'air': True, 'cool': False}","['air', 'cooling', 'wind', 'blades', 'airflow']",100.00 %,3,33.33 %,2,100.00 %,100.00 %
Flag,"{'flag': True, 'hoist': True, 'mast': True, 'flap': False}","['national', 'patriotic', 'symbol', 'country', 'standard']",25.00 %,4,100.00 %,3,0.00 %,100.00 %
Flashlight,"{'dark': False, 'light': True, 'batteries': True}","['light', 'battery', 'dark', 'night', 'beam']",33.33 %,3,33.33 %,2,50.00 %,0.00 %
Freezer,"{'refrigerator': True, 'ice': True, 'cold': False}","['ice', 'fridge', 'frozen', 'food', 'storage']",66.67 %,3,66.67 %,2,50.00 %,100.00 %
Hammer,"{'nail': True, 'wall': False, 'tool': True}","['tool', 'nail', 'building', 'claw', 'anvil']",100.00 %,3,33.33 %,2,100.00 %,100.00 %
Helicopter,"{'rotor': True, 'fly': True, 'airplane': False}","['rotor', 'lift', 'whirlwind', 'pilot', 'rotorcraft']",66.67 %,3,66.67 %,2,50.00 %,100.00 %
Humidifier,"{'dry': False, 'wet': True, 'wind': False, 'climate': True}","['moisturizing', 'relief', 'air', 'pollution', 'cooling']",50.00 %,4,100.00 %,2,0.00 %,100.00 %
Iron,"{'shirts': False, 'hot': False, 'smooth': False}","['metal', 'strength', 'forge', 'steel', 'magnet']",100.00 %,3,100.00 %,0,,100.00 %
Kettle,"{'heat': True, 'tea': True, 'coffee': False}","['whistle', 'tea', 'boil', 'electric', 'stovetop']",66.67 %,3,66.67 %,2,50.00 %,100.00 %
Keyboard,"{'computer': True, 'keys': True, 'input': True}","['typing', 'computer', 'input', 'keys', 'typist']",100.00 %,3,0.00 %,3,100.00 %,
Mop,"{'mopping': True, 'bucket': True, 'water': True}","['cleaner', 'floor', 'broom', 'dirt', 'swab']",0.00 %,3,100.00 %,3,0.00 %,
Padlock,"{'key': True, 'lock': True, 'cellar': False}","['security', 'lock', 'chain', 'key', 'protection']",100.00 %,3,33.33 %,2,100.00 %,100.00 %
Phone,"{'long distance': True, 'cell phone': True, 'smart phone': True}","['screen', 'battery', 'ringtone', 'text', 'camera']",0.00 %,3,100.00 %,3,0.00 %,
Plunger,"{'toilet': True, 'loo': True, 'blockage': True}","['plumbing', 'drain', ' bathroom', 'unclog', ' toilet']",0.00 %,3,100.00 %,3,0.00 %,
Pot,"{'tea': True, 'coffee': False, 'transport': False, 'glass': False}","['cooking', 'stove', 'kitchen', 'brew', 'tea']",100.00 %,4,75.00 %,1,100.00 %,100.00 %
Railroad,"{'steam': True, 'rails': True, 'locomotive': True}","['train', 'track', 'station', 'conductor', 'engine']",0.00 %,3,100.00 %,3,0.00 %,
Refrigerator,"{'freeze': True, 'food': True, 'cold': True}","['chill', 'cooling', 'food', 'food preservation', 'meal']",33.33 %,3,66.67 %,3,33.33 %,
Scrubber,"{'mop': True, 'cleaning': False}","['cleaning', 'soap', 'bubbles', 'grit', 'exfoliant']",0.00 %,3,33.33 %,1,0.00 %,0.00 %
Smartphone,"{'mobile': True, 'apple': False, 'samsung': True}","['touchscreen', 'app', 'camera', 'internet', 'battery']",25.00 %,4,100.00 %,2,0.00 %,100.00 %
Streetcar,"{'train': False, 'streetcar': True, 'transportation': True, 'public transportation': True}","['transportation', 'public', 'urban', 'railway', 'commuter']",50.00 %,4,75.00 %,3,33.33 %,100.00 %
Sunbed,"{'solarium': True, 'tan': True, 'tanning': True}","['tanning', 'vitamin', 'uv', 'relaxation', 'glow']",33.33 %,3,66.67 %,3,33.33 %,
Toaster,"{'bread': True, 'hot': True, 'reheat': True}","['butter', 'bread', 'metal', 'electric', 'bagel']",33.33 %,3,66.67 %,3,33.33 %,
Touchpad,"{'ipad': True, 'smartphone': False, 'display': True, 'touch': True}","['mouse', 'laptop', 'computer', 'gesture', 'navigation']",25.00 %,4,100.00 %,3,0.00 %,100.00 %
Tray,"{'food': True, 'transport': False, 'bring': False, 'waiter': True}","['table', 'food', 'dish', 'plate', 'bowl']",75.00 %,4,75.00 %,2,50.00 %,100.00 %
TV,"{'boob tube': True, 'tv': True, 'rtl': False, 'prosieben': False}","['remote', 'screen', 'channel', 'program', 'broadcast']",50.00 %,4,100.00 %,2,0.00 %,100.00 %
Typewriter,"{'obsolete': False, 'keys': True, 'paper': True}","['keyboard', 'paper', 'ink', 'rustic', 'literature']",66.67 %,3,66.67 %,2,50.00 %,100.00 %
Wardrobe,"{'clothes': True, 'hang': False, 'closet': True}","['clothes', 'shirt', 'pants', 'garment', 'style']",66.67 %,3,66.67 %,2,50.00 %,100.00 %
Waterbed,"{'sleep': True, 'night': True, 'pillow': False, 'comforter': False}","['creamy', 'relaxation', 'mattress', 'sofa', 'futon']",50.00 %,4,100.00 %,2,0.00 %,100.00 %
Whisk,"{'egg': True, 'beat': True, 'metal': False}","['kitchen', 'baking', 'mixing', 'batter', 'egg']",66.67 %,3,66.67 %,2,50.00 %,100.00 %
Alien,"{'sigourney weaver': False, 'ufo': True, 'space': True, 'horror': False}","['space', 'xenomorph', 'ufo', 'intergalactic', 'halloween']",100.00 %,4,50.00 %,2,100.00 %,100.00 %
Amélie,"{'drama': False, 'romance': True, 'paris': True, 'france': True}","['quirky', 'romantic', 'parisian', 'whimsical', 'optimistic']",25.00 %,4,100.00 %,3,0.00 %,100.00 %
Braveheart,"{'mel gibson': False, 'scotland': True, 'rebellion': True, 'king edward i of england': False}","['scotland', 'william wallace', 'medieval', 'independence', 'heroism']",75.00 %,4,75.00 %,2,50.00 %,100.00 %
Casablanca,"{'drama': True, 'humphrey bogart': True, 'nazis': False, 'french morocco': True}","[""rick's"", 'café', 'ilsa', 'lumière', 'morocco']",25.00 %,4,100.00 %,3,0.00 %,100.00 %
Casino,"{'drama': False, 'robert de niro': False, 'martin scorsese': False, 'mafia': True, 'gambling': True}","['gambling', 'luck', 'poker', 'vegas', 'glitz']",80.00 %,5,80.00 %,2,50.00 %,100.00 %
Deadpool,"{'action': True, 'ryan reynolds': True, 'red suit': True, 'mercenary': True}","['crazy', 'satanic', 'humorous', 'violent', 'irreverent']",0.00 %,4,100.00 %,4,0.00 %,
Downfall,"{'drama': False, 'adolf hitler': False, 'world war ii': True, 'berlin bunker': True}","['collapse', 'failure', 'decline', 'fallen', 'ruin']",50.00 %,4,100.00 %,2,0.00 %,100.00 %
Gladiator,"{'action': True, 'roman general': False, 'russell crowe': True, 'slavery': False, 'colosseum': True}","['villain', 'combat', 'sword', 'blood', 'rhine']",40.00 %,5,100.00 %,3,0.00 %,100.00 %
Goodfellas,"{'drama': True, 'robert de niro': True, 'mafia': True, 'henry hill': False}","['mob', 'gangster', 'crime', 'new york', 'organized']",25.00 %,4,100.00 %,3,0.00 %,100.00 %
Inception,"{'action': False, 'christopher nolan': False, 'leonardo dicaprio': False, 'lucid dreaming': True, 'thoughts': True}","['dream', 'heist', 'mind', 'reality', 'shadows']",60.00 %,5,100.00 %,2,0.00 %,100.00 %
Interstellar,"{'sci fi': True, 'matthew mcconaughey': False, 'space': True, 'wormhole': True, 'black hole': True}","['space', 'astronauts', 'hypnosis', 'paradox', 'time']",40.00 %,5,80.00 %,4,25.00 %,100.00 %
Jaws,"{'thriller': True, 'shark': False, 'beach': True, 'surfing': False}","['shark', 'beach', 'thriller', 'suspense', 'frightening']",75.00 %,4,25.00 %,2,100.00 %,50.00 %
Memento,"{'christopher nolan': False, 'short-term memory': False, 'murderer': False, 'leonard': True}","['memory', 'remembrance', 'narrative', 'tombstone', 'obituary']",75.00 %,4,100.00 %,1,0.00 %,100.00 %
Platoon,"{'action': True, 'vietnam war': False, 'charlie sheen': False, 'chris taylor': True}","['war', 'vietnam', 'leader', 'comrades', 'combat']",50.00 %,4,100.00 %,2,0.00 %,100.00 %
Psycho,"{'alfred hitchcock': False, 'thriller': True, 'bathroom': False, 'knife': True}","['shower', 'mask', 'violence', 'sanitarium', 'norman']",50.00 %,4,100.00 %,2,0.00 %,100.00 %
Rocky,"{'sylvester stallone': False, 'heavyweight boxing champion': False, 'eye of the tiger': True}","['boxing', 'punch', 'championship', 'philadelphia', 'inspiration']",66.67 %,3,100.00 %,1,0.00 %,100.00 %
Scarface,"{'action': True, 'tony montana': True, 'drug dealer': True, 'miami': True, 'drug cartel': True}","['violence', 'gangster', 'miami', 'power', 'bloodshed']",20.00 %,5,80.00 %,5,20.00 %,
Se7en,"{'thriller': False, 'morgan freeman': False, 'brad pitt': False, 'serial killer': True, 'deadly sins': True}","['crime', 'drugs', 'murder', 'detective', 'physics']",60.00 %,5,100.00 %,2,0.00 %,100.00 %
Shining,"{'thriller': False, 'stanley kubrick': False, 'jack nicholson': False, 'hotel': False, 'axe': False}","['light', 'bright', 'radiant', 'glowing', 'dazzling']",100.00 %,5,100.00 %,0,,100.00 %
WALL·E,"{'disney': True, 'pixar': True, 'robots': True, 'eve': False, 'space': True}","['robot', 'space', 'trash', 'love', 'abandoned']",40.00 %,5,80.00 %,4,25.00 %,100.00 %
Zootopia,"{'disney': True, 'pixar': True, 'animals': True, 'rabbit': True, 'police': False}","['animals', 'city', 'detective', 'judy hopps', 'police']",20.00 %,5,60.00 %,4,25.00 %,0.00 %
Amazon,"{'jeff bezos': False, 'prime video': False, 'books': True, 'online shop': True, 'shopping': True}","['prime', 'delivery', 'e-books', 'shopping', 'alexa']",60.00 %,5,80.00 %,3,33.33 %,100.00 %
Avatar,"{'image': True, 'photo': True, 'profile': True, 'user picture': True}","['asia', 'pandora', 'avatars', 'miles', ""na'vi""]",0.00 %,4,100.00 %,4,0.00 %,
Bitcoin,"{'ethereum': False, 'blockchain': True, 'crypto': True, 'currency': True, 'money': True}","['digital', 'cryptography', 'cryptocurrency', 'volatility', 'blockchain']",40.00 %,5,80.00 %,4,25.00 %,100.00 %
Blockchain,"{'bitcoin': True, 'ethereum': False, 'crypto': True, 'currency': True, 'money': True}","['decentralized', 'security', 'cryptocurrency', 'immutable', 'distributed']",20.00 %,5,100.00 %,4,0.00 %,100.00 %
Blog,"{'writing': True, 'reading': True, 'comments': True, 'publishing': True, 'socialmedia': True}","['writing', 'content', 'social', 'media', 'community']",75.00 %,4,75.00 %,5,20.00 %,
Browser,"{'chrome': True, 'firefox': False, 'internet explorer': False, 'safari': False, 'websites': False}","['internet', 'navigation', 'search', 'tab', 'bookmark']",80.00 %,5,100.00 %,1,0.00 %,100.00 %
Cloud,"{'dropbox': False, 'google drive': True, 'file sharing': True, 'icloud': False, 'online': True}","['fluffy', 'white', 'rainy', 'misty', 'soft']",40.00 %,5,100.00 %,3,0.00 %,100.00 %
Coinbase,"{'crypto': True, 'ethereum': False, 'blockchain': True, 'currencies': True, 'exchange': True}","['cryptocurrency', 'trading', 'blockchain', 'investing', 'wallet']",40.00 %,5,80.00 %,4,25.00 %,100.00 %
Download,"{'browser': True, 'computer': True, 'files': True, 'images': True, 'videos': True}","['file', 'internet', 'computer', 'software', 'cloud']",20.00 %,5,80.00 %,5,20.00 %,
eBay,"{'auctions': True, 'bidding': True, 'buy': True, 'sell': True}","['auctions', 'buy', 'sell', 'online', 'marketplace']",75.00 %,4,25.00 %,4,75.00 %,
eBook,"{'amazon': False, 'kindle': True, 'books': True, 'digital': True, 'reading': True}","['digital', 'reading', 'portable', 'convenience', 'innovative']",60.00 %,5,60.00 %,4,50.00 %,100.00 %
Emoticon,"{'emotion': True, 'feelings': True, 'smiley': True, 'symbol': True}","['smile', 'smiling', 'digital', 'emotions', 'symbol']",25.00 %,4,75.00 %,4,25.00 %,
Facebook,"{'instagram': False, 'mark zuckerberg': False, 'whatsapp': False, 'blue': False, 'social network': True}","['friends', 'posts', 'feeds', 'network', 'profile']",80.00 %,5,100.00 %,1,0.00 %,100.00 %
Hacker,"{'black hoodie': False, 'fraud': True, 'password': True, 'robbery': False}","['code', 'cyber', 'security', 'malware', 'exploit']",50.00 %,4,100.00 %,2,0.00 %,100.00 %
Hype,"{'fans': True, 'hashtag': True, 'new': True, 'social network': False, 'topic': True}","['excitement', 'energy', 'frenzy', 'euphoria', 'mania']",20.00 %,5,100.00 %,4,0.00 %,100.00 %
Influencer,"{'vip': True, 'famous': True, 'followers': True, 'impact': True, 'likes': True}","['celebrity', 'marketing', 'social', 'beauty', 'fashion']",0.00 %,5,100.00 %,5,0.00 %,
Instagram,"{'facebook': False, 'images': True, 'sharing': True, 'social network': True, 'videos': True}","['photos', 'filter', 'influencer', 'story', 'hashtag']",20.00 %,5,100.00 %,4,0.00 %,100.00 %
Login,"{'accounts': True, 'password': True, 'profile': True, 'username': True}","['password', 'username', 'authentication', 'security', 'access']",50.00 %,4,50.00 %,4,50.00 %,
Logout,"{'login': True, 'profile': False, 'sign out': True}","['exit', 'quit', 'terminate', 'stop', 'disconnect']",33.33 %,3,100.00 %,2,0.00 %,100.00 %
Malware,"{'dangerous': True, 'ransomware': True, 'rootkit': True, 'trojan': True, 'virus': True}","['virus', 'spam', 'ransomware', 'trojan', 'scrub']",60.00 %,5,40.00 %,5,60.00 %,
Mention,"{'@': False, 'reference': True, 'social networks': False, 'username': True}","['reference', 'quote', 'cite', 'discuss', 'refer']",75.00 %,4,75.00 %,2,50.00 %,100.00 %
Nerd,"{'clever': True, 'computers': True, 'glasses': False, 'internet': True, 'pizza': False}","['glasses', 'computer', 'science', 'books', 'gaming']",20.00 %,5,80.00 %,3,0.00 %,50.00 %
Netflix,"{'binge watching': True, 'movies': True, 'online': True, 'series': True, 'streaming': True}","['streaming', 'original', 'binge', 'originals', 'series']",40.00 %,5,60.00 %,5,40.00 %,
Newsletter,"{'advertisement': False, 'email': True, 'information': True, 'regular': True, 'scheduled': True}","['email', 'subscription', 'content', 'marketing', 'update']",60.00 %,5,80.00 %,4,25.00 %,100.00 %
Password,"{'pin': True, 'login': True, 'private': True, 'registration': False, 'secret': True}","['secure', 'complex', 'unique', 'protected', 'confidential']",20.00 %,5,100.00 %,4,0.00 %,100.00 %
PayPal,"{'account': True, 'online shopping': False, 'paying': True, 'sending money': True}","['online', 'payment', 'transfers', 'transactions', 'security']",25.00 %,4,100.00 %,3,0.00 %,100.00 %
Pinterest,"{'boards': True, 'images': True, 'quotes': False, 'recipies': False, 'sharing': True}","['home decor', 'design', 'crafting', 'inspirational', 'photography']",40.00 %,5,100.00 %,3,0.00 %,100.00 %
Privacy,"{'nsa': False, 'snowden': False, 'data': True, 'details': True, 'personal': True}","['confidentiality', 'secrecy', 'anonymity', 'secured', 'private']",40.00 %,5,100.00 %,3,0.00 %,100.00 %
Signal,"{'edward snowden': False, 'whatsapp': False, 'chat': True, 'messages': True, 'messenger': True}","['alarm', 'warning', 'radio', 'light', ' morse']",40.00 %,5,100.00 %,3,0.00 %,100.00 %
Snapchat,"{'instagram': False, 'images': True, 'social network': False, 'videos': True}","['ephemeral', 'filter', 'lenses', 'stories', 'disappearing']",50.00 %,4,100.00 %,2,0.00 %,100.00 %
Spam,"{'advertisement': True, 'annoying': True, 'email': True, 'fraud': False, 'newsletter': False}","['junk', 'email', 'marketing', 'unsolicited', 'advertising']",60.00 %,5,80.00 %,3,33.33 %,100.00 %
Spotify,"{'listening': True, 'music': True, 'playlists': True, 'radio': False, 'streaming': True}","['music', 'streaming', 'playlist', 'discovery', 'podcast']",60.00 %,5,60.00 %,4,50.00 %,100.00 %
Telegram,"{'signal': True, 'whatsapp': False, 'chat': True, 'green': False, 'messages': True}","['messaging', 'secure', 'encrypted', 'cross-platform', 'instant']",40.00 %,5,100.00 %,3,0.00 %,100.00 %
Tidal,"{'hifi': False, 'listening': False, 'music': True, 'playlists': True, 'radio': True}","['ocean', 'wave', 'current', 'surf', 'coast']",40.00 %,5,100.00 %,3,0.00 %,100.00 %
Tinder,"{'app': True, 'dating': True, 'one night stand': False, 'singles': True, 'swipe': True}","['swipe', 'match', 'dating', 'app', 'hookup']",80.00 %,5,40.00 %,4,75.00 %,100.00 %
Tweet,"{'twitter': False, 'posting': True, 'short': True, 'threads': True}","['social', 'media', 'short', 'message', 'microblog']",50.00 %,4,75.00 %,3,33.33 %,100.00 %
Twitch,"{'camera': True, 'computer games': True, 'gaming': True, 'steaming': False}","['games', 'streaming', 'gaming', 'entertainment', 'community']",50.00 %,4,75.00 %,3,33.33 %,100.00 %
Twitter,"{'facebook': False, 'bird': True, 'blue': False, 'short': True, 'social network': True}","['microblogging', 'social media', 'tweets', 'hashtag', 'follow']",40.00 %,5,100.00 %,3,0.00 %,100.00 %
Update,"{'application': True, 'downloads': True, 'new version': True, 'software': True}","['news', 'software', 'information', 'fix', 'refresh']",25.00 %,4,75.00 %,4,25.00 %,
viral,"{'clicks': True, 'famous': False, 'likes': True, 'social network': True, 'views': True}","['video', 'trend', 'meme', 'share', 'spread']",20.00 %,5,100.00 %,4,0.00 %,100.00 %
Virus,"{'computer': True, 'dangerous': True, 'malware': True, 'trojan': True}","['computer', 'infection', 'illness', 'malware', 'pandemic']",50.00 %,4,50.00 %,4,50.00 %,
VPN,"{'ip address': False, 'anonymous': True, 'connection': True, 'networks': True}","['security', 'refreshing', 'anonymous', 'private', 'connection']",75.00 %,4,50.00 %,3,66.67 %,100.00 %
Webcam,"{'skype': False, 'zoom': False, 'camera': True, 'streaming': True, 'video': True}","['video', 'streaming', 'chat', 'live', 'surveillance']",80.00 %,5,60.00 %,3,66.67 %,100.00 %
WhatsApp,"{'chat': True, 'facebook': False, 'signal': False, 'green': False, 'messages': True}","['messaging', 'chat', 'group', 'private', 'instant']",80.00 %,5,80.00 %,2,50.00 %,100.00 %
Wikipedia,"{'google': False, 'encyclopedia': True, 'knowledge': True, 'non profit': False, 'research': True}","['encyclopedia', 'free', 'information', 'knowledge', 'open-source']",80.00 %,5,60.00 %,3,66.67 %,100.00 %
YouTube,"{'google': False, 'streamer': True, 'streaming': True, 'uploads': True, 'videos': True}","['videos', ' animations', 'advertisements', 'monetization', 'community']",40.00 %,5,80.00 %,4,25.00 %,100.00 %
